Handle,Title,Option1 Name,Option1 Value,Option2 Name,Option2 Value,Option3 Name,Option3 Value,SKU,HS Code,COO,Wholesale Furniture Brokers
70-mid-century-modern-tv-stand-slate-grey,"70"" Mid Century Modern TV Stand - Slate Grey",Colour,Slate Grey,,,,,W70NORSG,,,0
70-tiered-top-open-shelf-fireplace-tv-console,"70"" Tiered Top Open Shelf Fireplace TV Console - Available in 3 Colours",Colour,Slate Grey,,,,,W70FPTTOPSG,,,1
70-tiered-top-open-shelf-fireplace-tv-console,"70"" Tiered Top Open Shelf Fireplace TV Console - Available in 3 Colours",Colour,Reclaimed Barnwood,,,,,W70FPTTOPRO,,,1
70-tiered-top-open-shelf-fireplace-tv-console,"70"" Tiered Top Open Shelf Fireplace TV Console - Available in 3 Colours",Colour,Dark Walnut,,,,,W70FPTTOPDW,,,0
70-traditional-wood-tv-stand-espresso,"70"" Traditional Wood TV Stand - Espresso",Colour,Espresso,,,,,W70C32ES,,,0
60-classic-tiered-top-fireplace-tv-console,"60"" Classic Tiered Top Fireplace TV Console - Available in 2 Colours",Colour,Slate Grey,,,,,W60FPTTSG,,,1
60-classic-tiered-top-fireplace-tv-console,"60"" Classic Tiered Top Fireplace TV Console - Available in 2 Colours",Colour,Dark Walnut,,,,,W60FPTTDW,,,0
60-mid-century-modern-wood-tv-stand,"60"" Mid Century Modern Wood TV Stand - Available in 2 Colours",Colour,Walnut,,,,,W60CMCWT,,,1
60-mid-century-modern-wood-tv-stand,"60"" Mid Century Modern Wood TV Stand - Available in 2 Colours",Colour,Acorn,,,,,W60CMCAC,,,0
58-modern-farmhouse-wood-tv-stand-white-oak,"58"" Modern Farmhouse Wood TV Stand - White Oak",Colour,White Oak,,,,,W58SBDWO,,,0
58-transitional-fireplace-glass-wood-tv-stand-grey-wash,"58"" Transitional Fireplace Glass Wood TV Stand - Grey Wash",Colour,Grey Wash,,,,,W58FP18HBGW,,,0
58-rustic-wood-tv-stand,"58"" Rustic Wood TV Stand - Available in 11 Colours",Colour,White Wash,,,,,W58CSPWW,,,1
58-rustic-wood-tv-stand,"58"" Rustic Wood TV Stand - Available in 11 Colours",Colour,Brown,,,,,W58CSPTB,,,1
58-rustic-wood-tv-stand,"58"" Rustic Wood TV Stand - Available in 11 Colours",Colour,Rustic Oak,,,,,W58CSPRO,,,1
58-rustic-wood-tv-stand,"58"" Rustic Wood TV Stand - Available in 11 Colours",Colour,Natural,,,,,W58CSPNT,,,1
58-rustic-wood-tv-stand,"58"" Rustic Wood TV Stand - Available in 11 Colours",Colour,Grey Wash,,,,,W58CSPGW,,,1
58-rustic-wood-tv-stand,"58"" Rustic Wood TV Stand - Available in 11 Colours",Colour,Espresso,,,,,W58CSPES,,,1
58-rustic-wood-tv-stand,"58"" Rustic Wood TV Stand - Available in 11 Colours",Colour,Dark Walnut,,,,,W58CSPDW,,,1
58-rustic-wood-tv-stand,"58"" Rustic Wood TV Stand - Available in 11 Colours",Colour,Charcoal,,,,,W58CSPCL,,,1
58-rustic-wood-tv-stand,"58"" Rustic Wood TV Stand - Available in 11 Colours",Colour,Barnwood,,,,,W58CSPBW,,,1
58-rustic-wood-tv-stand,"58"" Rustic Wood TV Stand - Available in 11 Colours",Colour,Black,,,,,W58CSPBL,,,1
58-rustic-wood-tv-stand,"58"" Rustic Wood TV Stand - Available in 11 Colours",Colour,Driftwood,,,,,W58CSPAG,,,0
58-modern-farmhouse-tv-stand-white-oak,"58"" Modern Farmhouse TV Stand - White Oak",Colour,White Oak,,,,,W58CS2DWO,,,0
58-grooved-door-tv-console-solid-white,"58"" Grooved Door TV Console - Solid White",Colour,Solid White,,,,,W58CS2DSW,,,0
58-modern-farmhouse-tv-stand,"58"" Modern Farmhouse TV Stand - Available in 3 Colours",Colour,Rustic Oak,,,,,W58CS2DRO,,,1
58-modern-farmhouse-tv-stand,"58"" Modern Farmhouse TV Stand - Available in 3 Colours",Colour,Grey Wash,,,,,W58CS2DGW,,,1
58-modern-farmhouse-tv-stand,"58"" Modern Farmhouse TV Stand - Available in 3 Colours",Colour,Dark Walnut,,,,,W58CS2DDW,,,0
58-industrial-farmhouse-tv-stand,"58"" Industrial Farmhouse TV Stand - Available in 3 Colours",Colour,White Oak,,,,,W58ABMDWO,,,1
58-industrial-farmhouse-tv-stand,"58"" Industrial Farmhouse TV Stand - Available in 3 Colours",Colour,Rustic Oak,,,,,W58ABMDRO,,,1
58-industrial-farmhouse-tv-stand,"58"" Industrial Farmhouse TV Stand - Available in 3 Colours",Colour,Grey Wash,,,,,W58ABMDGW,,,0
52-mid-century-modern-wood-tv-stand-english-oak,"52"" Mid Century Modern Wood TV Stand - English Oak",Colour,English Oak,,,,,W52NORGSEO,,,0
48-industrial-wood-dining-table-driftwood,"48"" Industrial Wood Dining Table - Driftwood",Colour,Driftwood,,,,,TW48AIAG,,,0
acacia-wood-outdoor-patio-bench-dark-brown,Acacia Wood Outdoor Patio Bench - Dark Brown,Colour,Dark Brown,,,,,OWB7SDB,,,0
51-modern-metal-glass-corner-computer-desk,51” Modern Metal Glass Corner Computer Desk - Available in 2 Colours,Colour,White,,,,,D51W29,,,1
51-modern-metal-glass-corner-computer-desk,51” Modern Metal Glass Corner Computer Desk - Available in 2 Colours,Colour,Smoke,,,,,D51L29SM,,,0
mid-century-modern-dining-chair-set-of-2,"Mid Century Modern Dining Chair, Set of 2 - Available in 2 Colours",Colour,Orange,,,,,CH18URB2OR,,,1
mid-century-modern-dining-chair-set-of-2,"Mid Century Modern Dining Chair, Set of 2 - Available in 2 Colours",Colour,Blue,,,,,CH18URB2BU,,,0
slat-back-metal-and-wood-dining-chair-2-pack,"Slat Back Metal and Wood Dining Chair, 2-Pack - Available in 3 Colours",Colour,Reclaimed Barnwood,,,,,CH18SBMW2RO,,,1
slat-back-metal-and-wood-dining-chair-2-pack,"Slat Back Metal and Wood Dining Chair, 2-Pack - Available in 3 Colours",Colour,Grey Wash,,,,,CH18SBMW2GW,,,1
slat-back-metal-and-wood-dining-chair-2-pack,"Slat Back Metal and Wood Dining Chair, 2-Pack - Available in 3 Colours",Colour,Dark Walnut,,,,,CH18SBMW2DW,,,0
modern-reversible-shelf-coffee-table,Modern Reversible Shelf Coffee Table - Available in 2 Colors,Color,White Faux Marble/Dark Concrete,,,,,C40SWICTWMDC,,,1
modern-reversible-shelf-coffee-table,Modern Reversible Shelf Coffee Table - Available in 2 Colors,Color,Rustic Oak/Stone Gray,,,,,C40SWICTROST,,,0
58-mid-century-modern-tv-stand-white-teak,"58"" Mid Century Modern TV Stand - White/Teak",Colour,White/Teak,,,,,BU58HPBMWHT,,,0
56-modern-detailed-door-frame-sideboard,"56"" Modern Detailed Door Frame Sideboard - Available in 2 Colours",Colour,Dark Walnut,,,,,BU56KIN2DDDW,,,1
56-modern-detailed-door-frame-sideboard,"56"" Modern Detailed Door Frame Sideboard - Available in 2 Colours",Colour,Birch,,,,,BU56KIN2DDBH,,,0
44-mid-century-modern-tv-stand-buffet,"44"" Mid Century Modern TV Stand Buffet - Available in 2 Colours",Colour,Acorn/White,,,,,BU44MCAPC,,,1
44-mid-century-modern-tv-stand-buffet,"44"" Mid Century Modern TV Stand Buffet - Available in 2 Colours",Colour,Dark Walnut,,,,,BU44MCADW,,,0
68-solid-wood-ladder-bookshelf-grey,"68"" Solid Wood Ladder Bookshelf - Grey",Colour,Grey,,,,,BS68FRSWGY,,,0
64-farmhouse-bookcase,"64"" Farmhouse Bookcase - Available in 2 Colors",Colour,Rustic Oak/White Metal,,,,,BS64FHPWWRO,,,1
64-farmhouse-bookcase,"64"" Farmhouse Bookcase - Available in 2 Colors",Colour,Grey Wash/Black Metal,,,,,BS64FHPWGW,,,0
64-industrial-4-shelf-wood-bookcase,"64"" Industrial 4-Shelf Wood Bookcase - Available in 4 Colours",Colour,Rustic Oak,,,,,BS64AIRO,,,1
64-industrial-4-shelf-wood-bookcase,"64"" Industrial 4-Shelf Wood Bookcase - Available in 4 Colours",Colour,Grey Wash,,,,,BS64AIGW,,,1
64-industrial-4-shelf-wood-bookcase,"64"" Industrial 4-Shelf Wood Bookcase - Available in 4 Colours",Colour,Barnwood,,,,,BS64AIBW,,,1
64-industrial-4-shelf-wood-bookcase,"64"" Industrial 4-Shelf Wood Bookcase - Available in 4 Colours",Colour,Driftwood,,,,,BS64AIAG,,,0
modern-glass-top-2-door-side-table,Modern Glass Top 2-Door Side Table - Available in 2 Colors,Colour,Slate Grey,,,,,BR2DMILNSSG,,,1
modern-glass-top-2-door-side-table,Modern Glass Top 2-Door Side Table - Available in 2 Colors,Colour,Dark Walnut,,,,,BR2DMILNSDW,,,0
42-modern-farmhouse-entryway-storage-bench,"42"" Modern Farmhouse Entryway Storage Bench - Available in 3 Colours",Colour,Rustic Oak,,,,,B42STCRO,,,1
42-modern-farmhouse-entryway-storage-bench,"42"" Modern Farmhouse Entryway Storage Bench - Available in 3 Colours",Colour,Espresso,,,,,B42STCES,,,1
42-modern-farmhouse-entryway-storage-bench,"42"" Modern Farmhouse Entryway Storage Bench - Available in 3 Colours",Colour,Driftwood,,,,,B42STCAG,,,0
angelo-home-52-rustic-tv-stand-white-wash,"angelo:HOME 52"" Rustic TV Stand - White Wash",Colour,White Wash,,,,,AH52CRCWW,,,0
angelo-home-52-mid-century-modern-tv-stand,"angelo:HOME 52"" Mid Century Modern TV Stand - Available in 3 Colours",Colour,Walnut,,,,,AH52CMCWT,,,1
angelo-home-52-mid-century-modern-tv-stand,"angelo:HOME 52"" Mid Century Modern TV Stand - Available in 3 Colours",Colour,White,,,,,AH52CMCWH,,,1
angelo-home-52-mid-century-modern-tv-stand,"angelo:HOME 52"" Mid Century Modern TV Stand - Available in 3 Colours",Colour,Acorn,,,,,AH52CMCAC,,,0
52-rustic-entryway-table-faux-white-marble-walnut,"52"" Rustic Entryway Table - Faux White Marble/Walnut",Colour,Faux White Marble/Walnut,,,,,AF52AFTMNW,,,0
46-modern-industrial-entryway-table,"46"" Modern Industrial Entryway Table - Available in 3 Colors",Colour,Reclaimed Barnwood,,,,,AF46MWETRO,,,1
46-modern-industrial-entryway-table,"46"" Modern Industrial Entryway Table - Available in 3 Colors",Colour,Grey Wash,,,,,AF46MWETGW,,,1
46-modern-industrial-entryway-table,"46"" Modern Industrial Entryway Table - Available in 3 Colors",Colour,Dark Walnut,,,,,AF46MWETDW,,,0
42-urban-industrial-mesh-metal-shelf-hairpin-leg-entryway-table-clear-glass,42” Urban Industrial Mesh Metal Shelf Hairpin Leg Entryway Table - Clear Glass,Colour,Glass,,,,,AF42LOETGL,,,0
42-urban-industrial-mesh-metal-shelf-hairpin-leg-coffee-table,42” Urban Industrial Mesh Metal Shelf Hairpin Leg Coffee Table - Available in 3 Colours,Colour,Rustic Oak,,,,,AF42LOCTRO,,,1
42-urban-industrial-mesh-metal-shelf-hairpin-leg-coffee-table,42” Urban Industrial Mesh Metal Shelf Hairpin Leg Coffee Table - Available in 3 Colours,Colour,Grey Wash,,,,,AF42LOCTGW,,,1
42-urban-industrial-mesh-metal-shelf-hairpin-leg-coffee-table,42” Urban Industrial Mesh Metal Shelf Hairpin Leg Coffee Table - Available in 3 Colours,Colour,Dark Walnut,,,,,AF42LOCTDW,,,0
40-modern-coffee-table-with-magazine-holder,"40"" Modern Coffee Table with Magazine Holder - Available in 2 Colours",Colour,White Faux Marble/Gold,,,,,AF40APRCTWM,,,1
40-modern-coffee-table-with-magazine-holder,"40"" Modern Coffee Table with Magazine Holder - Available in 2 Colours",Colour,Grey Wash/Black,,,,,AF40APRCTGW,,,0
30-industrial-storage-cabinet,"30"" Industrial Storage Cabinet - Available in 2 Colours",Colour,Slate Grey,,,,,AF30LOLASG,,,1
30-industrial-storage-cabinet,"30"" Industrial Storage Cabinet - Available in 2 Colours",Colour,Dark Walnut,,,,,AF30LOLADW,,,0
mid-century-modern-square-side-table-faux-white-marble-dark-walnut-gold,Mid Century Modern Square Side Table - Faux White Marble/Dark Walnut/Gold,Colour,Faux White Marble/Dark Walnut/Gold,,,,,AF20SSQSTMGD,,,0
modern-round-side-table,Modern Round Side Table - Available in 2 Colors,Colour,Faux White Marble/Chrome,,,,,AF20SRDSTWMCR,,,1
modern-round-side-table,Modern Round Side Table - Available in 2 Colors,Colour,Faux White Marble/Gold,,,,,AF20SRDSTMGD,,,0
modern-end-table,Modern End Table - Available in 3 Colours,Colour,Faux White Marble/Gold,,,,,AF20SCSTWM,,,1
modern-end-table,Modern End Table - Available in 3 Colours,Colour,Mocha/Black,,,,,AF20SCSTMO,,,1
modern-end-table,Modern End Table - Available in 3 Colours,Colour,Grey Wash/Black,,,,,AF20SCSTGW,,,0
20-rectangle-metal-mesh-c-table,20” Rectangle Metal Mesh C-Table - Available in 2 Colours,Colour,Gun Metal,,,,,AF20MMCSTGM,,,1
20-rectangle-metal-mesh-c-table,20” Rectangle Metal Mesh C-Table - Available in 2 Colours,Colour,Black,,,,,AF20MMCSTBL,,,0
18-modern-angled-metal-frame-glass-top-side-table,"18"" Modern Angled Metal Frame & Glass Top Side Table - Available in 2 Colours",Colour,Slate Grey/Black Metal,,,,,AF18KAYSTSG,,,1
18-modern-angled-metal-frame-glass-top-side-table,"18"" Modern Angled Metal Frame & Glass Top Side Table - Available in 2 Colours",Colour,Dark Walnut/Black Metal,,,,,AF18KAYSTDW,,,0
modern-side-table-walnut,Modern Side Table - Walnut,Colour,Walnut,,,,,AF18HPSTWT,,,0
18-square-tray-side-table-with-mesh-metal-shelf,18” Square Tray Side Table with Mesh Metal Shelf - Available in 5 Colours,Colour,Graphite/Gold,,,,,AF18EMSTGRG,,,1
18-square-tray-side-table-with-mesh-metal-shelf,18” Square Tray Side Table with Mesh Metal Shelf - Available in 5 Colours,Colour,Dark Walnut/Gold,,,,,AF18EMSTDWG,,,1
18-square-tray-side-table-with-mesh-metal-shelf,18” Square Tray Side Table with Mesh Metal Shelf - Available in 5 Colours,Colour,Rustic Oak,,,,,AF18EMISTRO,,,1
18-square-tray-side-table-with-mesh-metal-shelf,18” Square Tray Side Table with Mesh Metal Shelf - Available in 5 Colours,Colour,Grey Wash,,,,,AF18EMISTGW,,,1
18-square-tray-side-table-with-mesh-metal-shelf,18” Square Tray Side Table with Mesh Metal Shelf - Available in 5 Colours,Colour,Dark Walnut,,,,,AF18EMISTDW,,,0
18-modern-single-drawer-hairpin-leg-side-table-dark-walnut,"18"" Modern Single Drawer Hairpin Leg Side Table - Dark Walnut",Colour,Dark Walnut,,,,,AF18CRFSTDW,,,0
walker-edison-70-inch-essential-rustic-wood-tv-stand,"70"" Essential Rustic Wood TV Stand - Available in 10 Colours",Colour,Grey Wash,,,,,W70CSPGW,,,11
walker-edison-70-inch-essential-rustic-wood-tv-stand,"70"" Essential Rustic Wood TV Stand - Available in 10 Colours",Colour,Traditional Brown,,,,,W70CSPTB,,,12
walker-edison-70-inch-essential-rustic-wood-tv-stand,"70"" Essential Rustic Wood TV Stand - Available in 10 Colours",Colour,White Wash,,,,,W70CSPWW,,,0
walker-edison-70-inch-essential-rustic-wood-tv-stand,"70"" Essential Rustic Wood TV Stand - Available in 10 Colours",Colour,Espresso,,,,,W70CSPES,,,16
walker-edison-70-inch-essential-rustic-wood-tv-stand,"70"" Essential Rustic Wood TV Stand - Available in 10 Colours",Colour,Barnwood,,,,,W70CSPBW,,,19
walker-edison-70-inch-essential-rustic-wood-tv-stand,"70"" Essential Rustic Wood TV Stand - Available in 10 Colours",Colour,White Oak,,,,,W70CSPWO,,,0
walker-edison-70-inch-essential-rustic-wood-tv-stand,"70"" Essential Rustic Wood TV Stand - Available in 10 Colours",Colour,Rustic Oak,,,,,W70CSPRO,,,26
walker-edison-70-inch-essential-rustic-wood-tv-stand,"70"" Essential Rustic Wood TV Stand - Available in 10 Colours",Colour,Black,,,,,W70CSPBL,,,14
walker-edison-70-inch-essential-rustic-wood-tv-stand,"70"" Essential Rustic Wood TV Stand - Available in 10 Colours",Colour,Charcoal,,,,,W70CSPCL,,,53
walker-edison-70-inch-essential-rustic-wood-tv-stand,"70"" Essential Rustic Wood TV Stand - Available in 10 Colours",Colour,Driftwood,,,,,W70CSPAG,,,77
walker-edison-52-inch-moder-rustic-a-frame-farmhouse-entryway-table,"52"" Modern Rustic A-Frame Farmhouse Entryway Table - Available in 4 Colours",Colour,Dark Walnut/White Oak,,,,,AF52AFTWWO,,,0
walker-edison-52-inch-moder-rustic-a-frame-farmhouse-entryway-table,"52"" Modern Rustic A-Frame Farmhouse Entryway Table - Available in 4 Colours",Colour,Dark Concrete,,,,,AF52AFTDC,,,27
walker-edison-52-inch-moder-rustic-a-frame-farmhouse-entryway-table,"52"" Modern Rustic A-Frame Farmhouse Entryway Table - Available in 4 Colours",Colour,Reclaimed Barnwood,,,,,AF52AFTRO,,,28
walker-edison-52-inch-moder-rustic-a-frame-farmhouse-entryway-table,"52"" Modern Rustic A-Frame Farmhouse Entryway Table - Available in 4 Colours",Colour,Grey Wash,,,,,AF52AFTGW,,,0
walker-edison-44-inch-columbus-traditional-tv-stand,"44"" Columbus Traditional Wood TV Stand - Available in 2 Colours",Colour,Brown,,,,,WQ44CMPTB,,,0
walker-edison-44-inch-columbus-traditional-tv-stand,"44"" Columbus Traditional Wood TV Stand - Available in 2 Colours",Colour,Espresso,,,,,WQ44CMPES,,,0
walker-edison-52-inch-nora-mid-century-modern-wood-tv-stand-in-dark-walnut,"52"" Nora Mid Century Modern Wood TV Stand in Dark Walnut",Title,Default Title,,,,,W52NORGSDW,,,26
walker-edison-47-inch-industrial-urban-wood-hall-tree-in-grey-wash,"47"" Urban Industrial Wood Hall Tree in Grey Wash",Title,Default Title,,,,,HT72URBGW,,,13
walker-edison-70-inch-simple-farmhouse-wood-tv-stand-with-glass-doors,"70"" Simple Farmhouse Wood TV Stand with Glass Doors - Available in 3 Colours",Colour,Grey Wash,,,,,W70CSGDGW,,,16
walker-edison-70-inch-simple-farmhouse-wood-tv-stand-with-glass-doors,"70"" Simple Farmhouse Wood TV Stand with Glass Doors - Available in 3 Colours",Colour,Rustic Oak,,,,,W70CSGDRO,,,0
walker-edison-70-inch-simple-farmhouse-wood-tv-stand-with-glass-doors,"70"" Simple Farmhouse Wood TV Stand with Glass Doors - Available in 3 Colours",Colour,Dark Walnut,,,,,W70CSGDDW,,,0
walker-edison-70-inch-simple-modern-farmhouse-wood-tv-stand-with-grooved-door,"70"" Simple Modern Farmhouse Wood TV Stand with Grooved Door - Available in 4 Colours",Colour,Dark Walnut,,,,,W70CS2DDW,,,12
walker-edison-70-inch-simple-modern-farmhouse-wood-tv-stand-with-grooved-door,"70"" Simple Modern Farmhouse Wood TV Stand with Grooved Door - Available in 4 Colours",Colour,White Oak,,,,,W70CS2DWO,,,0
walker-edison-70-inch-simple-modern-farmhouse-wood-tv-stand-with-grooved-door,"70"" Simple Modern Farmhouse Wood TV Stand with Grooved Door - Available in 4 Colours",Colour,Grey Wash,,,,,W70CS2DGW,,,0
walker-edison-70-inch-simple-modern-farmhouse-wood-tv-stand-with-grooved-door,"70"" Simple Modern Farmhouse Wood TV Stand with Grooved Door - Available in 4 Colours",Colour,Rustic Oak,,,,,W70CS2DRO,,,0
walker-edison-simple-mid-century-modern-wood-tv-stand,"58"" Simple Mid Century Modern Wood TV Stand - Available in 3 Colours",Colour,White,,,,,W58SCCWH,,,21
walker-edison-simple-mid-century-modern-wood-tv-stand,"58"" Simple Mid Century Modern Wood TV Stand - Available in 3 Colours",Colour,Grey,,,,,W58SCCGY,,,17
walker-edison-simple-mid-century-modern-wood-tv-stand,"58"" Simple Mid Century Modern Wood TV Stand - Available in 3 Colours",Colour,Black,,,,,W58SCCBL,,,0
walker-edison-58-inch-columbus-tv-stand,"58"" Columbus Rustic TV Stand - Available in 3 Colours",Colour,Rustic Oak,,,,,W58CO2DRO,,,0
walker-edison-58-inch-columbus-tv-stand,"58"" Columbus Rustic TV Stand - Available in 3 Colours",Colour,Grey Wash,,,,,W58CO2DGW,,,0
walker-edison-58-inch-columbus-tv-stand,"58"" Columbus Rustic TV Stand - Available in 3 Colours",Colour,Dark Walnut,,,,,W58CO2DDW,,,0
walker-edison-caroline-modern-geometric-nesting-coffee-table-set,Caroline Modern Geometric Nesting Coffee Table Set - Available in 2 Colours,Colour,Glass/Black,,,,,AF28CLRGGBL,,,106
walker-edison-caroline-modern-geometric-nesting-coffee-table-set,Caroline Modern Geometric Nesting Coffee Table Set - Available in 2 Colours,Colour,Glass/Gold,,,,,AF28CLRGGGD,,,0
walker-edison-61-inch-x-frame-metal-tall-wood-bookcase,"61"" X-Frame Metal Tall Wood Bookcase - Available in 5 Colours",Colour,Rustic Oak,,,,,BST18XMWRO,,,35
walker-edison-61-inch-x-frame-metal-tall-wood-bookcase,"61"" X-Frame Metal Tall Wood Bookcase - Available in 5 Colours",Colour,Dark Walnut,,,,,BST18XMWDW,,,0
walker-edison-61-inch-x-frame-metal-tall-wood-bookcase,"61"" X-Frame Metal Tall Wood Bookcase - Available in 5 Colours",Colour,Barnwood,,,,,BST18XMWBW,,,42
walker-edison-61-inch-x-frame-metal-tall-wood-bookcase,"61"" X-Frame Metal Tall Wood Bookcase - Available in 5 Colours",Colour,Driftwood,,,,,BST18XMWAG,,,0
walker-edison-61-inch-x-frame-metal-tall-wood-bookcase,"61"" X-Frame Metal Tall Wood Bookcase - Available in 5 Colours",Colour,Grey Wash,,,,,BST18XMWGW,,,25
walker-edison-51-inch-x-frame-modern-corner-computer-desk-in-white,"51"" X-Frame Modern Corner Computer Desk in White",Title,Default Title,,,,,D51X29WH,,,0
walker-edison-angle-iron-industrial-wood-dining-chairs-set-of-2,Angle Iron Industrial Wood Dining Chairs (Set of 2) - Available in 4 Colours,Colour,Grey Wash,,,,,CH18AI2GW,,,80
walker-edison-angle-iron-industrial-wood-dining-chairs-set-of-2,Angle Iron Industrial Wood Dining Chairs (Set of 2) - Available in 4 Colours,Colour,Dark Walnut,,,,,CH18AI2DW,,,26
walker-edison-angle-iron-industrial-wood-dining-chairs-set-of-2,Angle Iron Industrial Wood Dining Chairs (Set of 2) - Available in 4 Colours,Colour,Barnwood,,,,,CH18AI2BW,,,36
walker-edison-angle-iron-industrial-wood-dining-chairs-set-of-2,Angle Iron Industrial Wood Dining Chairs (Set of 2) - Available in 4 Colours,Colour,Driftwood,,,,,CH18AI2AG,,,40
walker-edison-58-inch-sliding-barn-door-modern-farmhouse-wood-tv-stand,"58"" Sliding Barn Door Modern Farmhouse Wood TV Stand - Available in 4 Colours",Colour,Grey Wash,,,,,W58SBDGW,,,0
walker-edison-58-inch-sliding-barn-door-modern-farmhouse-wood-tv-stand,"58"" Sliding Barn Door Modern Farmhouse Wood TV Stand - Available in 4 Colours",Colour,Solid White Oak,,,,,W58SBDWOS,,,35
walker-edison-58-inch-sliding-barn-door-modern-farmhouse-wood-tv-stand,"58"" Sliding Barn Door Modern Farmhouse Wood TV Stand - Available in 4 Colours",Colour,Rustic Oak,,,,,W58SBDRO,,,0
walker-edison-58-inch-sliding-barn-door-modern-farmhouse-wood-tv-stand,"58"" Sliding Barn Door Modern Farmhouse Wood TV Stand - Available in 4 Colours",Colour,White/Rustic Oak,,,,,W58SBDSW,,,31
walker-edison-72-inch-arlo-industrial-ladder-bookcase,"72"" Arlo Industrial Ladder Bookcase - Available in 3 Colours",Colour,Mocha,,,,,BS72ARLDMO,,,0
walker-edison-72-inch-arlo-industrial-ladder-bookcase,"72"" Arlo Industrial Ladder Bookcase - Available in 3 Colours",Colour,Reclaimed Barnwood,,,,,BS72ARLDRO,,,115
walker-edison-72-inch-arlo-industrial-ladder-bookcase,"72"" Arlo Industrial Ladder Bookcase - Available in 3 Colours",Colour,Grey Wash,,,,,BS72ARLDGW,,,53
walker-edison-60-inch-x-frame-bookcase,"60"" X-frame Industrial Bookcase - Available in 7 Colours",Colour,Grey Wash/White Metal,,,,,BS60XMWGWW,,,0
walker-edison-60-inch-x-frame-bookcase,"60"" X-frame Industrial Bookcase - Available in 7 Colours",Colour,Rustic Oak,,,,,BS60XMWRO,,,0
walker-edison-60-inch-x-frame-bookcase,"60"" X-frame Industrial Bookcase - Available in 7 Colours",Colour,Rustic Oak/White Metal,,,,,BS60XMWROW,,,19
walker-edison-60-inch-x-frame-bookcase,"60"" X-frame Industrial Bookcase - Available in 7 Colours",Colour,Grey Wash,,,,,BS60XMWGW,,,0
walker-edison-60-inch-x-frame-bookcase,"60"" X-frame Industrial Bookcase - Available in 7 Colours",Colour,Dark Walnut,,,,,BS60XMWDW,,,70
walker-edison-60-inch-x-frame-bookcase,"60"" X-frame Industrial Bookcase - Available in 7 Colours",Colour,Driftwood,,,,,BS60XMWAG,,,47
walker-edison-60-inch-x-frame-bookcase,"60"" X-frame Industrial Bookcase - Available in 7 Colours",Colour,Barnwood,,,,,BS60XMWBW,,,95
walker-edison-metal-x-rustic-wood-side-table,Metal X Rustic Wood Side Table - Available in 4 Colours,Colour,Dark Walnut,,,,,AF18MXSTDW,,,0
walker-edison-metal-x-rustic-wood-side-table,Metal X Rustic Wood Side Table - Available in 4 Colours,Colour,White Oak,,,,,AF18MXSTWO,,,0
walker-edison-metal-x-rustic-wood-side-table,Metal X Rustic Wood Side Table - Available in 4 Colours,Colour,Reclaimed Barnwood,,,,,AF18MXSTRO,,,0
walker-edison-metal-x-rustic-wood-side-table,Metal X Rustic Wood Side Table - Available in 4 Colours,Colour,Grey Wash,,,,,AF18MXSTGW,,,42
walker-edison-48-inch-park-city-modern-farmhouse-metal-and-wood-storage-bench,"48"" Park City Modern Farmhouse Metal and Wood Storage Bench - Available in 4 Colours",Colour,White Oak,,,,,B48PCSBWO,,,28
walker-edison-48-inch-park-city-modern-farmhouse-metal-and-wood-storage-bench,"48"" Park City Modern Farmhouse Metal and Wood Storage Bench - Available in 4 Colours",Colour,Barnwood,,,,,B48PCSBBW,,,0
walker-edison-48-inch-park-city-modern-farmhouse-metal-and-wood-storage-bench,"48"" Park City Modern Farmhouse Metal and Wood Storage Bench - Available in 4 Colours",Colour,Grey Wash,,,,,B48PCSBGW,,,31
walker-edison-48-inch-park-city-modern-farmhouse-metal-and-wood-storage-bench,"48"" Park City Modern Farmhouse Metal and Wood Storage Bench - Available in 4 Colours",Colour,Dark Walnut,,,,,B48PCSBDW,,,12
walker-edison-58-inch-wasatch-highboy-transitional-fireplace-glass-wood-tv-stand,"58"" Wasatch Highboy Transitional Fireplace Glass Wood TV Stand - Available in 7 Colours",Colour,Rustic Oak,,,,,W58FP18HBRO,,,0
walker-edison-58-inch-wasatch-highboy-transitional-fireplace-glass-wood-tv-stand,"58"" Wasatch Highboy Transitional Fireplace Glass Wood TV Stand - Available in 7 Colours",Colour,Traditional Brown,,,,,W58FP18HBTB,,,0
walker-edison-58-inch-wasatch-highboy-transitional-fireplace-glass-wood-tv-stand,"58"" Wasatch Highboy Transitional Fireplace Glass Wood TV Stand - Available in 7 Colours",Colour,White Oak,,,,,W58FP18HBWO,,,0
walker-edison-58-inch-wasatch-highboy-transitional-fireplace-glass-wood-tv-stand,"58"" Wasatch Highboy Transitional Fireplace Glass Wood TV Stand - Available in 7 Colours",Colour,Black,,,,,W58FP18HBBL,,,0
walker-edison-58-inch-wasatch-highboy-transitional-fireplace-glass-wood-tv-stand,"58"" Wasatch Highboy Transitional Fireplace Glass Wood TV Stand - Available in 7 Colours",Colour,Driftwood,,,,,W58FP18HBAG,,,21
walker-edison-58-inch-wasatch-highboy-transitional-fireplace-glass-wood-tv-stand,"58"" Wasatch Highboy Transitional Fireplace Glass Wood TV Stand - Available in 7 Colours",Colour,Espresso,,,,,W58FP18HBES,,,0
walker-edison-58-inch-wasatch-highboy-transitional-fireplace-glass-wood-tv-stand,"58"" Wasatch Highboy Transitional Fireplace Glass Wood TV Stand - Available in 7 Colours",Colour,Barnwood,,,,,W58FP18HBBW,,,12
walker-edison-rustic-metal-wrap-18-inch-round-side-table,Rustic Metal Wrap 18 inch Round Side Table - Available in 6 Colours,Colour,White Faux Marble/Gold,,,,,AF18MWSTMG,,,0
walker-edison-rustic-metal-wrap-18-inch-round-side-table,Rustic Metal Wrap 18 inch Round Side Table - Available in 6 Colours,Colour,Reclaimed Barnwood,,,,,AF18MWSTRO,,,15
walker-edison-rustic-metal-wrap-18-inch-round-side-table,Rustic Metal Wrap 18 inch Round Side Table - Available in 6 Colours,Colour,Slate Grey,,,,,AF18MWSTSG,,,14
walker-edison-rustic-metal-wrap-18-inch-round-side-table,Rustic Metal Wrap 18 inch Round Side Table - Available in 6 Colours,Colour,Dark Concrete,,,,,AF18MWSTDC,,,61
walker-edison-rustic-metal-wrap-18-inch-round-side-table,Rustic Metal Wrap 18 inch Round Side Table - Available in 6 Colours,Colour,Grey Wash,,,,,AF18MWSTGW,,,36
walker-edison-rustic-metal-wrap-18-inch-round-side-table,Rustic Metal Wrap 18 inch Round Side Table - Available in 6 Colours,Colour,Dark Walnut,,,,,AF18MWSTDW,,,83
walker-edison-18-inch-industrial-faux-leather-dining-chairs-set-of-2,"18"" Industrial Faux Leather Dining Chairs (Set of 2) - Available in 4 Colours",Colour,Grey,,,,,CHL18GY,,,0
walker-edison-18-inch-industrial-faux-leather-dining-chairs-set-of-2,"18"" Industrial Faux Leather Dining Chairs (Set of 2) - Available in 4 Colours",Colour,Brown,,,,,CHL18BR,,,0
walker-edison-18-inch-industrial-faux-leather-dining-chairs-set-of-2,"18"" Industrial Faux Leather Dining Chairs (Set of 2) - Available in 4 Colours",Colour,Navy Blue,,,,,CHL18BU,,,0
walker-edison-18-inch-industrial-faux-leather-dining-chairs-set-of-2,"18"" Industrial Faux Leather Dining Chairs (Set of 2) - Available in 4 Colours",Colour,Whiskey Brown,,,,,CHL18WB,,,49
walker-edison-30-inch-industrial-faux-leather-barstools-set-of-2,"30"" Industrial Faux Leather Barstools (Set of 2) - Available in 5 Colours",Colour,Grey,,,,,CHL30GY,,,0
walker-edison-30-inch-industrial-faux-leather-barstools-set-of-2,"30"" Industrial Faux Leather Barstools (Set of 2) - Available in 5 Colours",Colour,Brown,,,,,CHL30BR,,,34
walker-edison-30-inch-industrial-faux-leather-barstools-set-of-2,"30"" Industrial Faux Leather Barstools (Set of 2) - Available in 5 Colours",Colour,Navy Blue,,,,,CHL30BU,,,114
walker-edison-30-inch-industrial-faux-leather-barstools-set-of-2,"30"" Industrial Faux Leather Barstools (Set of 2) - Available in 5 Colours",Colour,Black,,,,,CHL30BL,,,49
walker-edison-30-inch-industrial-faux-leather-barstools-set-of-2,"30"" Industrial Faux Leather Barstools (Set of 2) - Available in 5 Colours",Colour,Whiskey Brown,,,,,CHL30WB,,,0
walker-edison-40-inch-rustic-metal-and-wood-hall-tree,"40"" Rustic Metal and Wood Hall Tree - Available in 6 Colours",Colour,Dark Walnut,,,,,HT72MWDW,,,15
walker-edison-40-inch-rustic-metal-and-wood-hall-tree,"40"" Rustic Metal and Wood Hall Tree - Available in 6 Colours",Colour,White Oak,,,,,HT72MWWO,,,0
walker-edison-40-inch-rustic-metal-and-wood-hall-tree,"40"" Rustic Metal and Wood Hall Tree - Available in 6 Colours",Colour,Rustic Oak,,,,,HT72MWRO,,,0
walker-edison-40-inch-rustic-metal-and-wood-hall-tree,"40"" Rustic Metal and Wood Hall Tree - Available in 6 Colours",Colour,Grey Wash,,,,,HT72MWGW,,,12
walker-edison-40-inch-rustic-metal-and-wood-hall-tree,"40"" Rustic Metal and Wood Hall Tree - Available in 6 Colours",Colour,Barnwood,,,,,HT72MWBW,,,87
walker-edison-40-inch-rustic-metal-and-wood-hall-tree,"40"" Rustic Metal and Wood Hall Tree - Available in 6 Colours",Colour,Driftwood,,,,,HT72MWAG,,,55
walker-edison-mariner-mid-century-modern-dual-oval-glass-coffee-table,Mariner Mid Century Modern Dual Oval Glass Coffee Table,Title,Default Title,,,,,C38B5,,,0
walker-edison-jackson-48-wood-corner-fireplace-tv-stand,"Jackson 48"" Wood Corner Fireplace TV Stand - Available in 7 Colours",Colour,Traditional Brown,,,,,W48FPCRTB,,,26
walker-edison-jackson-48-wood-corner-fireplace-tv-stand,"Jackson 48"" Wood Corner Fireplace TV Stand - Available in 7 Colours",Colour,Grey Wash,,,,,W48FPCRGW,,,12
walker-edison-jackson-48-wood-corner-fireplace-tv-stand,"Jackson 48"" Wood Corner Fireplace TV Stand - Available in 7 Colours",Colour,Black,,,,,W48FPCRBL,,,0
walker-edison-jackson-48-wood-corner-fireplace-tv-stand,"Jackson 48"" Wood Corner Fireplace TV Stand - Available in 7 Colours",Colour,Rustic Oak,,,,,W48FPCRRO,,,43
walker-edison-jackson-48-wood-corner-fireplace-tv-stand,"Jackson 48"" Wood Corner Fireplace TV Stand - Available in 7 Colours",Colour,Barnwood,,,,,W48FPCRBW,,,37
walker-edison-jackson-48-wood-corner-fireplace-tv-stand,"Jackson 48"" Wood Corner Fireplace TV Stand - Available in 7 Colours",Colour,White Oak,,,,,W48FPCRWO,,,30
walker-edison-jackson-48-wood-corner-fireplace-tv-stand,"Jackson 48"" Wood Corner Fireplace TV Stand - Available in 7 Colours",Colour,Espresso,,,,,W48FPCRES,,,24
walker-edison-68-urban-pipe-bookshelf,"68"" Urban Pipe Metal Bookshelf - Available in 4 Colours",Colour,Grey Wash,,,,,BS68UPGW,,,69
walker-edison-68-urban-pipe-bookshelf,"68"" Urban Pipe Metal Bookshelf - Available in 4 Colours",Colour,Driftwood,,,,,BS68UPAG,,,103
walker-edison-68-urban-pipe-bookshelf,"68"" Urban Pipe Metal Bookshelf - Available in 4 Colours",Colour,Dark Walnut,,,,,BS68UPDW,,,0
walker-edison-68-urban-pipe-bookshelf,"68"" Urban Pipe Metal Bookshelf - Available in 4 Colours",Colour,Barnwood,,,,,BS68UPBW,,,0
walker-edison-angle-iron-rustic-side-tables-set-of-2,Angle Iron Rustic Side Tables (Set of 2) - Available in 6 Colours,Colour,Slate Grey,,,,,C20AISTSG,,,42
walker-edison-angle-iron-rustic-side-tables-set-of-2,Angle Iron Rustic Side Tables (Set of 2) - Available in 6 Colours,Colour,Dark Walnut,,,,,C20AISTDW,,,36
walker-edison-angle-iron-rustic-side-tables-set-of-2,Angle Iron Rustic Side Tables (Set of 2) - Available in 6 Colours,Colour,Driftwood,,,,,C20AISTAG,,,0
walker-edison-angle-iron-rustic-side-tables-set-of-2,Angle Iron Rustic Side Tables (Set of 2) - Available in 6 Colours,Colour,Rustic Oak,,,,,C20AISTRO,,,18
walker-edison-angle-iron-rustic-side-tables-set-of-2,Angle Iron Rustic Side Tables (Set of 2) - Available in 6 Colours,Colour,Grey Wash,,,,,C20AISTGW,,,57
walker-edison-angle-iron-rustic-side-tables-set-of-2,Angle Iron Rustic Side Tables (Set of 2) - Available in 6 Colours,Colour,Barnwood,,,,,C20AISTBW,,,73
walker-edison-24-inch-industrial-faux-leather-counter-stools-set-of-2,"24"" Industrial Faux Leather Counter Stools (Set of 2) - Available in 5 Colours",Colour,Grey,,,,,CHL26GY,,,0
walker-edison-24-inch-industrial-faux-leather-counter-stools-set-of-2,"24"" Industrial Faux Leather Counter Stools (Set of 2) - Available in 5 Colours",Colour,Navy Blue,,,,,CHL26BU,,,0
walker-edison-24-inch-industrial-faux-leather-counter-stools-set-of-2,"24"" Industrial Faux Leather Counter Stools (Set of 2) - Available in 5 Colours",Colour,Whiskey Brown,,,,,CHL26WB,,,32
walker-edison-24-inch-industrial-faux-leather-counter-stools-set-of-2,"24"" Industrial Faux Leather Counter Stools (Set of 2) - Available in 5 Colours",Colour,Brown,,,,,CHL26BR,,,30
walker-edison-24-inch-industrial-faux-leather-counter-stools-set-of-2,"24"" Industrial Faux Leather Counter Stools (Set of 2) - Available in 5 Colours",Colour,Black,,,,,CHL26BL,,,1
walker-edison-wave-mid-century-modern-dual-oval-glass-coffee-table,Wave Mid Century Modern Dual Oval Glass Coffee Table,Title,Default Title,,,,,C38B4,,,0
walker-edison-lowell-mixed-material-coffee-table,Lowell Mixed Material Coffee Table - Available in 3 Colours,Colour,Marble,,,,,C42LWSQMB,,,0
walker-edison-lowell-mixed-material-coffee-table,Lowell Mixed Material Coffee Table - Available in 3 Colours,Colour,Dark Walnut,,,,,C42LWSQDW,,,34
walker-edison-lowell-mixed-material-coffee-table,Lowell Mixed Material Coffee Table - Available in 3 Colours,Colour,Dark Concrete,,,,,C42LWSQDC,,,0
walker-edison-farmhouse-barn-door-58-tv-console,"Farmhouse Barn Door 58"" TV Console - Available in 5 Colours",Colour,Stone Grey,,,,,W58BDSDST,,,23
walker-edison-farmhouse-barn-door-58-tv-console,"Farmhouse Barn Door 58"" TV Console - Available in 5 Colours",Colour,White Oak,,,,,W58BDSDWO,,,64
walker-edison-farmhouse-barn-door-58-tv-console,"Farmhouse Barn Door 58"" TV Console - Available in 5 Colours",Colour,Barnwood,,,,,W58BDSDBW,,,26
walker-edison-farmhouse-barn-door-58-tv-console,"Farmhouse Barn Door 58"" TV Console - Available in 5 Colours",Colour,Grey Wash,,,,,W58BDSDGW,,,146
walker-edison-farmhouse-barn-door-58-tv-console,"Farmhouse Barn Door 58"" TV Console - Available in 5 Colours",Colour,Rustic Oak,,,,,W58BDSDRO,,,144
walker-edison-2-piece-curved-18-inch-metal-nesting-tables,2 Piece Curved 18 inch Metal Nesting Tables - Available in 2 Colours,Colour,Rustic Oak / Black,,,,,AF18CURWSTRO,,,0
walker-edison-2-piece-curved-18-inch-metal-nesting-tables,2 Piece Curved 18 inch Metal Nesting Tables - Available in 2 Colours,Colour,Grey Wash / Black,,,,,AF18CURWSTGW,,,0
walker-edison-18-grooved-door-side-table,"18"" Grooved Door Side Table - Available in 3 Colours",Colour,Reclaimed Barnwood,,,,,AF18CRASTRO,,,0
walker-edison-18-grooved-door-side-table,"18"" Grooved Door Side Table - Available in 3 Colours",Colour,Grey Wash,,,,,AF18CRASTGW,,,0
walker-edison-18-grooved-door-side-table,"18"" Grooved Door Side Table - Available in 3 Colours",Colour,Dark Walnut,,,,,AF18CRASTDW,,,0
walker-edison-17-modern-metal-glass-side-table-with-magazine-holder,"17"" Modern Metal & Glass Side Table with Magazine Holder",Title,Default Title,,,,,AF17EVNSTBL,,,21
walker-edison-16-troy-square-side-table,"16"" Troy Square Side Table - Available in 3 Colours",Colour,Reclaimed Barnwood,,,,,AF16TRYSTRO,,,14
walker-edison-16-troy-square-side-table,"16"" Troy Square Side Table - Available in 3 Colours",Colour,Gray Wash,,,,,AF16TRYSTGW,,,0
walker-edison-16-troy-square-side-table,"16"" Troy Square Side Table - Available in 3 Colours",Colour,Dark Walnut,,,,,AF16TRYSTDW,,,20
walker-edison-modern-round-end-table,Modern Round End Table - Available in 2 Colours,Colour,Faux White Marble/Gold,,,,,AF16RCSTWM,,,38
walker-edison-modern-round-end-table,Modern Round End Table - Available in 2 Colours,Colour,Glass/Chrome,,,,,AF16RCSTGL,,,0
walker-edison-lowell-16-inch-modern-square-side-table,Lowell 16 Inch Modern Square Side Table - Available in 3 Colours,Colour,Faux White Marble,,,,,AF16LWSTWM,,,54
walker-edison-lowell-16-inch-modern-square-side-table,Lowell 16 Inch Modern Square Side Table - Available in 3 Colours,Colour,Dark Walnut,,,,,AF16LWSTDW,,,0
walker-edison-lowell-16-inch-modern-square-side-table,Lowell 16 Inch Modern Square Side Table - Available in 3 Colours,Colour,Dark Concrete,,,,,AF16LWSTDC,,,48
walker-edison-modern-glam-square-side-table,Modern Glam Square Side Table - Available in 3 Colours,Colour,Faux White Marble/Gold,,,,,AF16LUXWMG,,,66
walker-edison-modern-glam-square-side-table,Modern Glam Square Side Table - Available in 3 Colours,Colour,Faux White Marble/Chrome,,,,,AF16LUXMCR,,,0
walker-edison-modern-glam-square-side-table,Modern Glam Square Side Table - Available in 3 Colours,Colour,Dark Walnut/Gold,,,,,AF16LUXDWG,,,31
walker-edison-16-urban-industrial-mesh-metal-shelf-hairpin-leg-side-table,16” Urban Industrial Mesh Metal Shelf Hairpin Leg Side Table - Available in 3 Colours,Colour,Rustic Oak,,,,,AF16LOSTRO,,,19
walker-edison-16-urban-industrial-mesh-metal-shelf-hairpin-leg-side-table,16” Urban Industrial Mesh Metal Shelf Hairpin Leg Side Table - Available in 3 Colours,Colour,Dark Walnut,,,,,AF16LOSTDW,,,62
walker-edison-16-urban-industrial-mesh-metal-shelf-hairpin-leg-side-table,16” Urban Industrial Mesh Metal Shelf Hairpin Leg Side Table - Available in 3 Colours,Colour,Grey Wash,,,,,AF16LOSTGW,,,68
walker-edison-3-piece-hex-modern-wood-nesting-tables,3 Piece Hex Modern Wood Nesting Tables - Available in 2 Colours,Colour,Faux White Marble/Gold,,,,,AF16HEX3WM,,,0
walker-edison-3-piece-hex-modern-wood-nesting-tables,3 Piece Hex Modern Wood Nesting Tables - Available in 2 Colours,Colour,Dark Walnut/Gold,,,,,AF16HEX3DW,,,38
walker-edison-16-modern-geometric-square-side-table,"16"" Modern Geometric Square Side Table - Available in 3 Colours",Colour,Slate Grey,,,,,AF16GEOSTSG,,,20
walker-edison-16-modern-geometric-square-side-table,"16"" Modern Geometric Square Side Table - Available in 3 Colours",Colour,Dark Walnut,,,,,AF16GEOSTDW,,,15
walker-edison-16-modern-geometric-square-side-table,"16"" Modern Geometric Square Side Table - Available in 3 Colours",Colour,Dark Concrete,,,,,AF16GEOSTDC,,,0
walker-edison-16-april-side-table,"16"" April Side Table - Available in 2 Colours",Colour,White Faux Marble/Gold,,,,,AF16APRSTWM,,,74
walker-edison-16-april-side-table,"16"" April Side Table - Available in 2 Colours",Colour,Grey Wash/Black,,,,,AF16APRSTGW,,,71
walker-edison-alissa-16-round-side-table,"Alissa 16"" Round Side Table - Available in 4 Colours",Colour,Faux White Marble/Gold,,,,,AF16ALSTMGD,,,73
walker-edison-alissa-16-round-side-table,"Alissa 16"" Round Side Table - Available in 4 Colours",Colour,Glass/Gold,,,,,AF16ALSTGGD,,,89
walker-edison-alissa-16-round-side-table,"Alissa 16"" Round Side Table - Available in 4 Colours",Colour,Glass/Chrome,,,,,AF16ALSTGCR,,,67
walker-edison-alissa-16-round-side-table,"Alissa 16"" Round Side Table - Available in 4 Colours",Colour,Dark Walnut/Gold,,,,,AF16ALSTDWG,,,14
walker-edison-51-modern-metal-glass-corner-computer-desk,51” Modern Metal Glass Corner Computer Desk - Available in 2 Colours,Colour,Silver,,,,,D51L29,,,0
walker-edison-51-modern-metal-glass-corner-computer-desk,51” Modern Metal Glass Corner Computer Desk - Available in 2 Colours,Colour,Black,,,,,D51B29,,,0
walker-edison-48-modern-wood-computer-desk,"48"" Modern Wood and Glass Computer Desk - Available in 2 Colours",Colour,White,,,,,D48X30WH,,,23
walker-edison-48-modern-wood-computer-desk,"48"" Modern Wood and Glass Computer Desk - Available in 2 Colours",Colour,Black,,,,,D48X30BL,,,140
walker-edison-42-industrial-secretary-desk-with-hutch,"42"" Industrial Secretary Desk with Hutch - Available in 2 Colours",Colour,Dark Walnut,,,,,D42NYSECDW,,,0
walker-edison-42-industrial-secretary-desk-with-hutch,"42"" Industrial Secretary Desk with Hutch - Available in 2 Colours",Colour,Grey Wash,,,,,D42NYSECGW,,,0
walker-edison-31-glass-modern-computer-desk,"31"" Glass Modern Computer Desk - Available in 2 Colours",Colour,Black,,,,,D31S29B,,,0
walker-edison-31-glass-modern-computer-desk,"31"" Glass Modern Computer Desk - Available in 2 Colours",Colour,Silver,,,,,D31S29,,,0
walker-edison-58-mid-century-modern-tv-stand-in-white,"58"" Mid Century Modern TV Stand in White",Title,Default Title,,,,,W58BMHPASSW,,,144
walker-edison-63-rustic-industrial-bookcase,"63"" Rustic Industrial Bookcase - Available in 5 Colours",Colour,Rustic Oak,,,,,BS60RMWRO,,,43
walker-edison-63-rustic-industrial-bookcase,"63"" Rustic Industrial Bookcase - Available in 5 Colours",Colour,Grey Wash,,,,,BS60RMWGW,,,30
walker-edison-63-rustic-industrial-bookcase,"63"" Rustic Industrial Bookcase - Available in 5 Colours",Colour,Dark Walnut,,,,,BS60RMWDW,,,70
walker-edison-63-rustic-industrial-bookcase,"63"" Rustic Industrial Bookcase - Available in 5 Colours",Colour,Barnwood,,,,,BS60RMWBW,,,71
walker-edison-63-rustic-industrial-bookcase,"63"" Rustic Industrial Bookcase - Available in 5 Colours",Colour,Driftwood,,,,,BS60RMWAG,,,154
walker-edison-55-modern-wood-ladder-bookcase,"55"" Modern Wood Ladder Bookcase - Available in 3 Colours",Colour,White,,,,,BS55LDWH,,,0
walker-edison-55-modern-wood-ladder-bookcase,"55"" Modern Wood Ladder Bookcase - Available in 3 Colours",Colour,Grey,,,,,BS55LDGY,,,0
walker-edison-55-modern-wood-ladder-bookcase,"55"" Modern Wood Ladder Bookcase - Available in 3 Colours",Colour,Black,,,,,BS55LDBL,,,0
walker-edison-40-industrial-wood-bookcase,"40"" Industrial Wood Bookcase - Available in 7 Colours",Colour,Slate Grey/Black Metal,,,,,BS40XMWSG,,,0
walker-edison-40-industrial-wood-bookcase,"40"" Industrial Wood Bookcase - Available in 7 Colours",Colour,Rustic Oak,,,,,BS40XMWRO,,,0
walker-edison-40-industrial-wood-bookcase,"40"" Industrial Wood Bookcase - Available in 7 Colours",Colour,Grey Wash/White Metal,,,,,BS40XMWGWW,,,96
walker-edison-40-industrial-wood-bookcase,"40"" Industrial Wood Bookcase - Available in 7 Colours",Colour,Grey Wash,,,,,BS40XMWGW,,,0
walker-edison-40-industrial-wood-bookcase,"40"" Industrial Wood Bookcase - Available in 7 Colours",Colour,Dark Walnut,,,,,BS40XMWDW,,,0
walker-edison-40-industrial-wood-bookcase,"40"" Industrial Wood Bookcase - Available in 7 Colours",Colour,Barnwood,,,,,BS40XMWBW,,,0
walker-edison-40-industrial-wood-bookcase,"40"" Industrial Wood Bookcase - Available in 7 Colours",Colour,Driftwood,,,,,BS40XMWAG,,,45
walker-edison-52-transitional-wood-glass-tv-stand-buffet,"52"" Transitional Wood Glass TV Stand Buffet - Available in 8 Colours",Colour,Walnut,,,,,W52C4CTWT,,,0
walker-edison-52-transitional-wood-glass-tv-stand-buffet,"52"" Transitional Wood Glass TV Stand Buffet - Available in 8 Colours",Colour,White,,,,,W52C4CTWH,,,13
walker-edison-52-transitional-wood-glass-tv-stand-buffet,"52"" Transitional Wood Glass TV Stand Buffet - Available in 8 Colours",Colour,Antique Red,,,,,W52C4CTRD,,,16
walker-edison-52-transitional-wood-glass-tv-stand-buffet,"52"" Transitional Wood Glass TV Stand Buffet - Available in 8 Colours",Colour,Brown,,,,,W52C4CTRB,,,0
walker-edison-52-transitional-wood-glass-tv-stand-buffet,"52"" Transitional Wood Glass TV Stand Buffet - Available in 8 Colours",Colour,Espresso,,,,,W52C4CTES,,,34
walker-edison-52-transitional-wood-glass-tv-stand-buffet,"52"" Transitional Wood Glass TV Stand Buffet - Available in 8 Colours",Colour,Black,,,,,W52C4CTBL,,,0
walker-edison-52-transitional-wood-glass-tv-stand-buffet,"52"" Transitional Wood Glass TV Stand Buffet - Available in 8 Colours",Colour,Antique White,,,,,W52C4CTAWH,,,33
walker-edison-52-transitional-wood-glass-tv-stand-buffet,"52"" Transitional Wood Glass TV Stand Buffet - Available in 8 Colours",Colour,Antique Grey,,,,,W52C4CTAGY,,,21
walker-edison-modern-rustic-farmhouse-wood-6-drawer-buffet,Modern Rustic Farmhouse Wood 6-Drawer Dresser - Available in 3 Colours,Colour,White/Rustic Oak,,,,,BU52SV6DWRO,,,0
walker-edison-modern-rustic-farmhouse-wood-6-drawer-buffet,Modern Rustic Farmhouse Wood 6-Drawer Dresser - Available in 3 Colours,Colour,Rustic Oak,,,,,BU52SV6DDW,,,34
walker-edison-modern-rustic-farmhouse-wood-6-drawer-buffet,Modern Rustic Farmhouse Wood 6-Drawer Dresser - Available in 3 Colours,Colour,Grey Wash,,,,,BU52SV6DGW,,,47
walker-edison-33-industrial-bar-cabinet-rolling-cart,"33"" Industrial Bar Cabinet Rolling Cart - Available in 2 Colours",Colour,Rustic Oak,,,,,BU33SOIBCRO,,,28
walker-edison-33-industrial-bar-cabinet-rolling-cart,"33"" Industrial Bar Cabinet Rolling Cart - Available in 2 Colours",Colour,Grey Wash,,,,,BU33SOIBCGW,,,17
walker-edison-36-mid-century-modern-bar-cabinet-in-dark-walnut,"30"" Mid Century Modern Bar Cabinet in Dark Walnut",Title,Default Title,,,,,BU30SEADW,,,0
walker-edison-34-modern-industrial-bar-serving-cart-faux-white-marble-dark-walnut,"34"" Modern Industrial Bar Serving Cart in Faux White Marble/Dark Walnut",Title,Default Title,,,,,AF34MADWWM,,,0
walker-edison-48-industrial-wood-dining-table,"48"" Industrial Wood Rectangular Dining Table - Available in 3 Colours         ",Colour,Grey Wash,,,,,TW48AIGW,,,0
walker-edison-48-industrial-wood-dining-table,"48"" Industrial Wood Rectangular Dining Table - Available in 3 Colours         ",Colour,Dark Walnut,,,,,TW48AIDW,,,31
walker-edison-48-industrial-wood-dining-table,"48"" Industrial Wood Rectangular Dining Table - Available in 3 Colours         ",Colour,Barnwood,,,,,TW48AIBW,,,19
walker-edison-46-mid-century-modern-round-dining-table-in-walnut,"46"" Mid Century Modern Round Dining Table in Walnut          ",Title,Default Title,,,,,TW46RDHPWT,,,0
walker-edison-40-urban-industrial-metal-wrap-round-dining-table-in-english-oak,"40"" Urban Industrial Metal Wrap Round Dining Table in English Oak",Title,Default Title,,,,,TW40RDWRAEO,,,0
arlo-52-inch-metal-and-wood-tv-console,Arlo 52 inch Metal and Wood TV Console - Available in 2 Colours,Colour,Rustic Oak,,,,,W52ARLORO,,,64
arlo-52-inch-metal-and-wood-tv-console,Arlo 52 inch Metal and Wood TV Console - Available in 2 Colours,Colour,Grey Wash,,,,,W52ARLOGW,,,0
alissa-round-coffee-table,Alissa Round Coffee Table - Available in 4 Colours,Colour,Glass / Chrome,,,,,AF36ALCTGCR,,,0
alissa-round-coffee-table,Alissa Round Coffee Table - Available in 4 Colours,Colour,Dark Walnut / Gold,,,,,AF36ALCTDWG,,,60
alissa-round-coffee-table,Alissa Round Coffee Table - Available in 4 Colours,Colour,Glass & Gold,,,,,AF36ALCTGGD,,,71
alissa-round-coffee-table,Alissa Round Coffee Table - Available in 4 Colours,Colour,Marble & Gold,,,,,AF36ALCTMGD,,,143
metal-wrap-round-coffee-table,Metal Wrap Round Coffee Table - Available in 6 Colours,Colour,White Faux Marble / Gold,,,,,AF30MWCTMG,,,0
metal-wrap-round-coffee-table,Metal Wrap Round Coffee Table - Available in 6 Colours,Colour,Slate Grey,,,,,AF30MWCTSG,,,0
metal-wrap-round-coffee-table,Metal Wrap Round Coffee Table - Available in 6 Colours,Colour,Rustic Oak / Black,,,,,AF30MWCTRO,,,53
metal-wrap-round-coffee-table,Metal Wrap Round Coffee Table - Available in 6 Colours,Colour,Grey Wash / Black,,,,,AF30MWCTGW,,,0
metal-wrap-round-coffee-table,Metal Wrap Round Coffee Table - Available in 6 Colours,Colour,Dark Concrete,,,,,AF30MWCTDC,,,0
metal-wrap-round-coffee-table,Metal Wrap Round Coffee Table - Available in 6 Colours,Colour,Dark Walnut / Black,,,,,AF30MWCTDW,,,38
emma-tray-rectangular-coffee-table,Emma Tray Rectangular Coffee Table - Available in 3 Colours,Colour,Rustic Oak,,,,,AF42EMICTRO,,,81
emma-tray-rectangular-coffee-table,Emma Tray Rectangular Coffee Table - Available in 3 Colours,Colour,Grey Wash,,,,,AF42EMICTGW,,,61
emma-tray-rectangular-coffee-table,Emma Tray Rectangular Coffee Table - Available in 3 Colours,Colour,Dark Walnut,,,,,AF42EMICTDW,,,60
geometric-rectangle-coffee-table,Geometric Rectangle Coffee Table - Available in 3 Colours,Colour,Dark Walnut / Gold,,,,,AF42LUXDWG,,,33
geometric-rectangle-coffee-table,Geometric Rectangle Coffee Table - Available in 3 Colours,Colour,Marble & Gold,,,,,AF42LUXWMG,,,367
geometric-rectangle-coffee-table,Geometric Rectangle Coffee Table - Available in 3 Colours,Colour,Marble & Chrome,,,,,AF42LUXWMC,,,0
metal-x-rectangular-coffee-table,Metal X Rectangular Coffee Table - Available in 4 Colours,Colour,Rustic Oak,,,,,AF40MXCTRO,,,0
metal-x-rectangular-coffee-table,Metal X Rectangular Coffee Table - Available in 4 Colours,Colour,Grey Wash,,,,,AF40MXCTGW,,,0
metal-x-rectangular-coffee-table,Metal X Rectangular Coffee Table - Available in 4 Colours,Colour,White Oak,,,,,AF40MXCTWO,,,16
metal-x-rectangular-coffee-table,Metal X Rectangular Coffee Table - Available in 4 Colours,Colour,Dark Walnut,,,,,AF40MXCTDW,,,0
angle-iron-rustic-coffee-table,Angle Iron Rustic Rectangular Coffee Table - Available in 5 Colours,Colour,Slate Grey,,,,,C46AICTSG,,,49
angle-iron-rustic-coffee-table,Angle Iron Rustic Rectangular Coffee Table - Available in 5 Colours,Colour,Rustic Oak,,,,,C46AICTRO,,,21
angle-iron-rustic-coffee-table,Angle Iron Rustic Rectangular Coffee Table - Available in 5 Colours,Colour,Grey Wash,,,,,C46AICTGW,,,125
angle-iron-rustic-coffee-table,Angle Iron Rustic Rectangular Coffee Table - Available in 5 Colours,Colour,Barnwood,,,,,C46AICTBW,,,177
angle-iron-rustic-coffee-table,Angle Iron Rustic Rectangular Coffee Table - Available in 5 Colours,Colour,Driftwood,,,,,C46AICTAG,,,121
low-wood-twin-bunk-bed-in-walnut,Low Wood Twin Over Twin Bunk Bed in Walnut,Title,Default Title,,,,,WFWJRTOTWT,,,0
low-wood-twin-bunk-bed-in-white,Low Wood Twin Over Twin Bunk Bed in White,Title,Default Title,,,,,WFWJRTOTWH,,,0
low-wood-twin-bunk-bed-in-grey,Low Wood Twin Over Twin Bunk Bed in Grey,Title,Default Title,,,,,WFWJRTOTGY,,,0
solid-wood-low-loft-bed-in-walnut,Solid Wood Low Loft Bed in Walnut,Title,Default Title,,,,,WFWJRTOLWT,,,0
solid-wood-low-loft-bed-in-white,Solid Wood Low Loft Bed in White,Title,Default Title,,,,,WFWJRTOLWH,,,0
solid-wood-low-loft-bed-in-grey,Solid Wood Low Loft Bed in Grey,Title,Default Title,,,,,WFWJRTOLGY,,,0
solid-pine-wood-twin-over-twin-bunk-bed-in-walnut,Solid Pine Wood Twin Over Twin Bunk Bed in Walnut,Title,Default Title,,,,,WFWTOTMSWT,,,0
solid-wood-twin-over-twin-mission-design-bunk-bed-in-white,Solid Wood Twin Over Twin Mission Design Bunk Bed in White,Title,Default Title,,,,,WFWTOTMSWH,,,0
solid-wood-twin-over-twin-mission-design-bunk-bed-in-grey,Solid Wood Twin Over Twin Mission Design Bunk Bed in Grey,Title,Default Title,,,,,WFWTOTMSGY,,,0
solid-wood-twin-over-twin-bunk-bed-in-white,Solid Wood Twin Over Twin Bunk Bed in White,Title,Default Title,,,,,WFWSTOTWH,,,0
solid-wood-twin-over-twin-bunk-bed-in-natural,Solid Wood Twin Over Twin Bunk Bed in Natural,Title,Default Title,,,,,WFWSTOTNL,,,0
solid-wood-twin-over-twin-bunk-bed-in-honey,Solid Wood Twin Over Twin Bunk Bed in Honey,Title,Default Title,,,,,WFWSTOTHY,,,0
solid-wood-twin-over-twin-bunk-bed-in-grey,Solid Wood Twin Over Twin Bunk Bed in Grey,Title,Default Title,,,,,WFWSTOTGY,,,0
solid-wood-twin-over-twin-bunk-bed-in-espresso,Solid Wood Twin Over Twin Bunk Bed in Espresso,Title,Default Title,,,,,WFWSTOTES,,,0
solid-wood-twin-over-twin-bunk-bed-in-cherry,Solid Wood Twin Over Twin Bunk Bed in Cherry,Title,Default Title,,,,,BWSTOTCH,,,0
solid-wood-twin-over-twin-bunk-bed-in-black,Solid Wood Twin Over Twin Bunk Bed in Black,Title,Default Title,,,,,WFWSTOTBL,,,0
solid-wood-low-loft-twin-bed-in-white,Solid Wood Low Loft Twin Bed in White,Title,Default Title,,,,,WFWSTOLLWH,,,0
solid-wood-low-loft-twin-bed-in-grey,Solid Wood Low Loft Twin Bed in Grey,Title,Default Title,,,,,WFWSTOLLGY,,,0
solid-wood-twin-trundle-bed-in-white,Solid Wood Twin Trundle Bed in White,Title,Default Title,,,,,WFTW40WH,,,0
solid-wood-twin-trundle-bed-in-grey,Solid Wood Twin Trundle Bed in Grey,Title,Default Title,,,,,WFTW40GY,,,0
premium-deluxe-twin-metal-loft-bed-in-white,Premium Deluxe Twin Metal Loft Bed in White,Title,Default Title,,,,,WFTSQTOLWH,,,14
premium-deluxe-twin-metal-loft-bed-in-mint,Premium Deluxe Twin Metal Loft Bed in Mint,Title,Default Title,,,,,WFTSQTOLMT,,,0
premium-metal-twin-over-twin-bunk-bed-in-white,Premium Metal Twin Over Twin Bunk Bed in White,Title,Default Title,,,,,WFTOTWH,,,0
premium-metal-twin-over-twin-bunk-bed-in-silver,Premium Metal Twin Over Twin Bunk Bed in Silver,Title,Default Title,,,,,WFTOTSL,,,0
premium-metal-twin-over-twin-bunk-bed-in-black,Premium Metal Twin Over Twin Bunk Bed in Black,Title,Default Title,,,,,WFTOTBL,,,0
premium-metal-twin-loft-bed-in-white,Premium Metal Twin Loft Bed in White,Title,Default Title,,,,,WFTOLWH,,,0
premium-metal-twin-loft-bed-in-silver,Premium Metal Twin Loft Bed in Silver,Title,Default Title,,,,,WFTOLSL,,,0
premium-metal-twin-loft-bed-in-black,Premium Metal Twin Loft Bed in Black,Title,Default Title,,,,,WFTOLBL,,,0
premium-metal-twin-over-full-bunk-bed-in-white,Premium Metal Twin Over Full Bunk Bed in White,Title,Default Title,,,,,WFTODWH,,,54
premium-metal-twin-over-full-bunk-bed-in-black,Premium Metal Twin Over Full Bunk Bed in Black,Title,Default Title,,,,,BTODBL,,,13
premium-metal-twin-low-loft-bed-with-desk-in-white,Premium Metal Twin Low Loft Bed with Desk in White,Title,Default Title,,,,,WFTLD46SPWH,,,0
premium-metal-twin-low-loft-bed-with-desk-in-black,Premium Metal Twin Low Loft Bed with Desk in Black,Title,Default Title,,,,,WFTLD46SPBL,,,0
twin-roll-out-trundle-bed-frame-in-white,Twin Roll Out Trundle Bed Frame in White,Title,Default Title,,,,,WFT40TBWH,,,0
twin-roll-out-trundle-bed-frame-in-silver,Twin Roll Out Trundle Bed Frame in Silver,Title,Default Title,,,,,WFT40TBSL,,,0
twin-roll-out-trundle-bed-frame-in-black,Twin Roll Out Trundle Bed Frame in Black,Title,Default Title,,,,,WFT40TBBL,,,0
premium-metal-full-size-loft-bed-in-white,Premium Metal Full Size Loft Bed in White,Title,Default Title,,,,,WFDOLWH,,,0
premium-metal-full-size-loft-bed-in-silver,Premium Metal Full Size Loft Bed in Silver,Title,Default Title,,,,,WFDOLSL,,,0
premium-metal-full-size-loft-bed-in-black,Premium Metal Full Size Loft Bed in Black,Title,Default Title,,,,,WFDOLBL,,,0
