SKU,DESCRIPTION,DIMENSIONS (W X D X H),WGT,PRICE CND,
BAS-P-TWN-XX,TWIN BASIC BED COMPLETE (P-SERIES),(Bed) 42.4 x 76 x 13.7,73.7,$177.00,
PF-BAS-TWN-XX,Basic Twin Footboard,(Box 1) 15.9 x 45.3 x 2.4,15.4,$37.00,
PF-BAS-TWN-XX,Basic Twin Footboard,(Box 2) 15.9 x 45.3 x 2.4,15.4,$37.00,
KPQ-TWN-XX,Twin Dual Series Rails,(Box 3) 7.7 x78 x 3,22,$65.00,
PS-TWN,Twin Standard Slats,(Box 4) 8.5 x41.3 x  4.5,20.9,$38.00,
,,,,,
BAS-P-FUL-XX,FULL BASIC BED COMPLETE (P-SERIES),(Bed) 57.3 x 76 x 13.7,89.3,$206.00,
PF-BAS-FUL-XX,Basic Full Footboard,(Box 1) 15.9 x 60.6 x  2.4,17.6,$44.00,
PF-BAS-FUL-XX,Basic Full Footboard,(Box 2) 15.9 x 60.6 x 2.4,17.6,$44.00,
KPQ-FUL-XX,Full Dual Series Rails,(Box 3) 7.7 x 78 x 4.5,26.5,$70.00,
PS-FUL,Full Standard Slats,(Box 4) 8.5 x 56.3 x  4.5,27.6,$48.00,
,,,,,
BAS-P-QEN-XX,QUEEN BASIC BED COMPLETE (P-SERIES),(Bed) 63.3 x 80.6 x 13.7,101.4,$223.00,
PF-BAS-QEN-XX,Basic Queen Footboard,(Box 1) 15.9 x 65.9 x  2.4,19.8,$46.00,
PF-BAS-QEN-XX,Basic Queen Footboard,(Box 2) 15.9 x 65.9 x  2.4,19.8,$46.00,
KPQ-QEN/EKG-XX,Queen/EKG Dual Series Rails,(Box 3) 7.7 x 82.9 x 4.5,28.7,$77.00,
PS-QEN,Queen Standard Slats,(Box 4) 8.5 x 62.2 x 4.5,33.1,$54.00,
,,,,,
BAS-P-EKG-XX,EASTERN KING BASIC BED COMPLETE (P-SERIES),(Bed) 79.4 x 80.6 x 13.7,124.5,$255.00,
PF-BAS-EKG-XX,Basic Eastern King Footboard,(Box 1) 15.9 x 84.3 x  2.4,23.1,$55.00,
PF-BAS-EKG-XX,Basic Eastern King Footboard,(Box 2) 15.9 x 84.3 x  2.4,23.1,$55.00,
KPQ-QEN/EKG-XX,Queen/EKG Dual Series Rails,(Box 3) 7.7 x 82.9 x  4.5,28.7,$77.00,
PS-EKG,Eastern King Standard Slats,(Box 4) 8.5 x 80.3 x  4.5,49.6,$68.00,
,,,,,
BAS-K-TWN-XX,TWIN BASIC BED COMPLETE (K-SERIES),(Bed) 42.4 x 76 x 16.3,73.7,$209.00,
KF-BAS-TWN-XX,K-Series Basic Twin Footboard With Panel,(Box 1) 19.1 x 45.3 x  2,15.4,$53.00,
KF-BAS-TWN-XX,K-Series Basic Twin Footboard With Panel,(Box 2) 19.1 x 45.3 x 2,15.4,$53.00,
KPQ-TWN-XX,Twin Dual Series Rails,(Box 3) 7.7 x78 x 3,22,$65.00,
PS-TWN,Twin Standard Slats,(Box 4) 8.5 x41.3 x  4.5,20.9,$38.00,
,,,,,
BAS-K-FUL-XX,FULL BASIC BED COMPLETE (K-SERIES),(Bed) 57.3 x 76 x 16.3,93.7,$254.00,
KF-BAS-FUL-XX,K-Series Basic Full Footboard With Panel,(Box 1) 19.1 x 60.2 x 2.4,19.8,$68.00,
KF-BAS-FUL-XX,K-Series Basic Full Footboard With Panel,(Box 2) 19.1 x 60.2 x 2.4,19.8,$68.00,
KPQ-FUL-XX,Full Dual Series Rails,(Box 3) 7.7 x 78 x 4.5,26.5,$70.00,
PS-FUL,Full Standard Slats,(Box 4) 8.5 x56.3 x  4.5,27.6,$48.00,
,,,,,
BAS-K-QEN-XX,QUEEN BASIC BED COMPLETE (K-SERIES),(Bed) 63.3 x 80.6 x 16.3,114.8,$277.00,
KF-BAS-QEN-XX,K-Series Basic Queen Footboard With Panel,(Box 1) 19.7 x 66.7 x 2.4,26.5,$73.00,
KF-BAS-QEN-XX,K-Series Basic Queen Footboard With Panel,(Box 2) 19.7 x 66.7 x 2.4,26.5,$73.00,
KPQ-QEN/EKG-XX,Queen/EKG Dual Series Rails,(Box 3) 7.7 x 82.9 x 4.5,28.7,$77.00,
PS-QEN,Queen Standard Slats,(Box 4) 8.5 x 62.2 x 4.5,33.1,$54.00,
,,,,,
BAS-K-EKG-XX,EASTERN KING BASIC BED COMPLETE (K-SERIES),(Bed) 79.4 x 80.6 x 16.3,144.5,$305.00,
KF-BAS-EKG-XX,K-Series Basic EKG Footboard With Panel,(Box 1) 19.1 x 81.7 x 2.4,33.1,$80.00,
KF-BAS-EKG-XX,K-Series Basic EKG Footboard With Panel,(Box 2) 19.1 x 81.7 x 2.4,33.1,$80.00,
KPQ-QEN/EKG-XX,Queen/EKG Dual Series Rails,(Box 3) 7.7 x 82.9 x  4.5,28.7,$77.00,
PS-EKG,Eastern King Standard Slats,(Box 4) 8.5 x 80.3 x  4.5,49.6,$68.00,
,,,,,
BPE-P-TWN-XX,TWIN BLACKPEPPER COMPLETE BED (P-SERIES),(Bed) 42.4 x 76 x 46.3,98,$278.00,
PH-BPE-TWN-XX,Blackpepper Twin Headboard - Dual series,(Box 1) 45.5 x 49.6 x  2.8,39.7,$138.00,
PF-BAS-TWN-XX,Basic Twin Footboard,(Box 2) 15.9 x 84.3 x  2.4,15.4,$37.00,
KPQ-TWN-XX,Twin Dual Series Rails,(Box 3) 7.7 x 82.9 x  4.5,22,$65.00,
PS-TWN,Twin Standard Slats,(Box 4) 8.5 x 80.3 x  4.5,20.9,$38.00,
,,,,,
BPE-P-FUL-XX,FULL BLACKPEPPER COMPLETE BED (P-SERIES),(Bed) 57.3 x 76 x 46.3,115.8,$339.00,
PH-BPE-FUL-XX,Blackpepper Full Headboard - Dual series,(Box 1) 49.6 x  60.5 x 2.8,44.1,$177.00,
PF-BAS-FUL-XX,Basic Full Footboard,(Box 2) 15.9 x 60.6 x 2.4,17.6,$44.00,
KPQ-FUL-XX,Full Dual Series Rails,(Box 3) 7.7 x 78 x 4.5,26.5,$70.00,
PS-FUL,Full Standard Slats,(Box 4) 8.5 x56.3 x  4.5,27.6,$48.00,
,,,,,
BPE-P-QEN-XX,QUEEN BLACKPEPPER COMPLETE BED (P-SERIES),(Bed) 63.3 x 80.6 x 46.3,134.5,$386.00,
PH-BPE-QEN-XX,Blackpepper Queen Headboard - Dual series,(Box 1) 49.6 x 66.5 x 2.8,52.9,$209.00,
PF-BAS-QEN-XX,Basic Queen Footboard,(Box 2) 15.9 x 65.9 x  2.4,19.8,$46.00,
KPQ-QEN/EKG-XX,Queen/EKG Dual Series Rails,(Box 3) 7.7 x 82.9 x 4.5,28.7,$77.00,
PS-QEN,Queen Standard Slats,(Box 4) 8.5 x 62.2 x 4.5,33.1,$54.00,
,,,,,
BPE-P-EKG-XX,EASTERN KING BLACKPEPPER COMPLETE BED (P-SERIES),(Bed) 79.4 x 80.6 x 46.3,154.3,$489.00,
PH-BPE-EKG-XX,Blackpepper Eastern King Headboard - Dual series,(Box 1) 49.6 x 78.5 x 2.8,52.9,$289.00,
PF-BAS-EKG-XX,Basic Eastern King Footboard,(Box 2) 15.9 x 84.3 x  2.4,23.1,$55.00,
KPQ-QEN/EKG-XX,Queen/EKG Dual Series Rails,(Box 3) 7.7 x 82.9 x  4.5,28.7,$77.00,
PS-EKG,Eastern King Standard Slats,(Box 4) 8.5 x 80.3 x  4.5,49.6,$68.00,
,,,,,
BPE-K-TWN-XX,TWIN BLACKPEPPER COMPLETE BED (K-SERIES),(Bed) 42.4 x 76 x 46.3,98,$294.00,
PH-BPE-TWN-XX,Blackpepper Twin Headboard - Dual series,(Box 1) 45.5 x 49.6 x  2.8,39.7,$138.00,
KF-BAS-TWN-XX,K-Series Basic Twin Footboard With Panel,(Box 2) 19.1 x 45.3 x 2,15.4,$53.00,
KPQ-TWN-XX,Twin Dual Series Rails,(Box 3) 7.7 x78 x 3,22,$65.00,
PS-TWN,Twin Standard Slats,(Box 4) 8.5 x41.3 x  4.5,20.9,$38.00,
,,,,,
BPE-K-FUL-XX,FULL BLACKPEPPER COMPLETE BED (K-SERIES),(Bed) 57.3 x 76 x 46.3,118,$363.00,
PH-BPE-FUL-XX,Blackpepper Full Headboard - Dual series,(Box 1) 49.6 x  60.5 x 2.8,44.1,$177.00,
KF-BAS-FUL-XX,K-Series Basic Full Footboard With Panel,(Box 2) 19.1 x 60.2 x 2.4,19.8,$68.00,
KPQ-FUL-XX,Full Dual Series Rails,(Box 3) 7.7 x 78 x 4.5,26.5,$70.00,
PS-FUL,Full Standard Slats,(Box 4) 8.5 x56.3 x  4.5,27.6,$48.00,
,,,,,
BPE-K-QEN-XX,QUEEN BLACKPEPPER COMPLETE BED (K-SERIES),(Bed) 63.3 x 80.6 x 46.3,141.2,$413.00,
PH-BPE-QEN-XX,Blackpepper Queen Headboard - Dual series,(Box 1) 49.6 x 66.5 x 2.8,52.9,$209.00,
KF-BAS-QEN-XX,K-Series Basic Queen Footboard With Panel,(Box 1) 19.7 x 66.7 x 2.4,26.5,$73.00,
KPQ-QEN/EKG-XX,Queen/EKG Dual Series Rails,(Box 3) 7.7 x 82.9 x 4.5,28.7,$77.00,
PS-QEN,Queen Standard Slats,(Box 4) 8.5 x 62.2 x 4.5,33.1,$54.00,
,,,,,
BPE-K-EKG-XX,EASTERN KING BLACKPEPPER COMPLETE BED (K-SERIES),(Bed) 79.4 x 80.6 x 46.3,164.3,$514.00,
PH-BPE-EKG-XX,Blackpepper Eastern King Headboard - Dual series,(Box 1) 49.6 x 78.5 x 2.8,52.9,$289.00,
KF-BAS-EKG-XX,K-Series Basic EKG Footboard With Panel,(Box 1) 19.1 x 81.7 x 2.4,33.1,$80.00,
KPQ-QEN/EKG-XX,Queen/EKG Dual Series Rails,(Box 3) 7.7 x 82.9 x  4.5,28.7,$77.00,
PS-EKG,Eastern King Standard Slats,(Box 4) 8.5 x 80.3 x  4.5,49.6,$68.00,
,,,,,
CHA-P-TWN-XX,TWIN CHAMELEON COMPLETE BED (P-SERIES),(Bed) 42.4 x 76 x 45.3,92.5,$285.00,
PH-CHA-TWN-XX,Twin Chameleon Headboard - Dual series,(Box 1) 45.7 x 48.4 x 4.7,34.2,$145.00,
PF-BAS-TWN-XX,Basic Twin Footboard,(Box 2) 15.9 x 84.3 x  2.4,15.4,$37.00,
KPQ-TWN-XX,Twin Dual Series Rails,(Box 3) 7.7 x 82.9 x  4.5,22,$65.00,
PS-TWN,Twin Standard Slats,(Box 4) 8.5 x 80.3 x  4.5,20.9,$38.00,
,,,,,
CHA-P-FUL-XX,FULL CHAMELEON COMPLETE BED (P-SERIES),(Bed) 57.3 x 76 x 45.3,120.2,$338.00,
PH-CHA-FUL-XX,Full Chameleon Headboard - Dual series,(Box 1) 48.4 x 60.6 x 4.7,48.5,$176.00,
PF-BAS-FUL-XX,Basic Full Footboard,(Box 2) 15.9 x 60.6 x 2.4,17.6,$44.00,
KPQ-FUL-XX,Full Dual Series Rails,(Box 3) 7.7 x 78 x 4.5,26.5,$70.00,
PS-FUL,Full Standard Slats,(Box 4) 8.5 x56.3 x  4.5,27.6,$48.00,
,,,,,
CHA-P-QEN-XX,QUEEN CHAMELEON COMPLETE BED (P-SERIES),(Bed) 63.3 x 80.6 x 45.3,136.7,$371.00,
PH-CHA-QEN-XX,Queen Chameleon Headboard - Dual series,(Box 1) 48.4 x 66.5 x 4.7,55.1,$194.00,
PF-BAS-QEN-XX,Basic Queen Footboard,(Box 2) 15.9 x 65.9 x  2.4,19.8,$46.00,
KPQ-QEN/EKG-XX,Queen/EKG Dual Series Rails,(Box 3) 7.7 x 82.9 x 4.5,28.7,$77.00,
PS-QEN,Queen Standard Slats,(Box 4) 8.5 x 62.2 x 4.5,33.1,$54.00,
,,,,,
CHA-P-EKG-XX,EASTERN KING CHAMELEON COMPLETE BED (P-SERIES),(Bed) 79.4 x 80.6 x 45.3,163.1,$438.00,
PH-CHA-EKG-XX,Eastern King Chameleon Headboard - Dual series,(Box 1) 48.4 x 82.7 x 4.7,61.7,$238.00,
PF-BAS-EKG-XX,Basic Eastern King Footboard,(Box 2) 15.9 x 84.3 x  2.4,23.1,$55.00,
KPQ-QEN/EKG-XX,Queen/EKG Dual Series Rails,(Box 3) 7.7 x 82.9 x  4.5,28.7,$77.00,
PS-EKG,Eastern King Standard Slats,(Box 4) 8.5 x 80.3 x  4.5,49.6,$68.00,
,,,,,
CHA-K-TWN-XX,TWIN CHAMELEON COMPLETE BED (K-SERIES),(Bed) 42.4 x 76 x 45.3,92.5,$301.00,
PH-CHA-TWN-XX,Twin Chameleon Headboard - Dual series,(Box 1) 45.7 x 48.4 x 4.7,34.2,$145.00,
KF-BAS-TWN-XX,K-Series Basic Twin Footboard With Panel,(Box 2) 19.1 x 45.3 x 2,15.4,$53.00,
KPQ-TWN-XX,Twin Dual Series Rails,(Box 3) 7.7 x78 x 3,22,$65.00,
PS-TWN,Twin Standard Slats,(Box 4) 8.5 x41.3 x  4.5,20.9,$38.00,
,,,,,
CHA-K-FUL-XX,FULL CHAMELEON COMPLETE BED (K-SERIES),(Bed) 57.3 x 76 x 45.3,122.4,$362.00,
PH-CHA-FUL-XX,Full Chameleon Headboard - Dual series,(Box 1) 48.4 x 60.6 x 4.7,48.5,$176.00,
KF-BAS-FUL-XX,K-Series Basic Full Footboard With Panel,(Box 2) 19.1 x 60.2 x 2.4,19.8,$68.00,
KPQ-FUL-XX,Full Dual Series Rails,(Box 3) 7.7 x 78 x 4.5,26.5,$70.00,
PS-FUL,Full Standard Slats,(Box 4) 8.5 x56.3 x  4.5,27.6,$48.00,
,,,,,
CHA-K-QEN-XX,QUEEN CHAMELEON COMPLETE BED (K-SERIES),(Bed) 63.3 x 80.6 x 45.3,143.4,$398.00,
PH-CHA-QEN-XX,Queen Chameleon Headboard - Dual series,(Box 1) 48.4 x 66.5 x 4.7,55.1,$194.00,
KF-BAS-QEN-XX,K-Series Basic Queen Footboard With Panel,(Box 2) 19.7 x 66.7 x 2.4,26.5,$73.00,
KPQ-QEN/EKG-XX,Queen/EKG Dual Series Rails,(Box 3) 7.7 x 82.9 x 4.5,28.7,$77.00,
PS-QEN,Queen Standard Slats,(Box 4) 8.5 x 62.2 x 4.5,33.1,$54.00,
,,,,,
CHA-K-EKG-XX,EASTERN KING CHAMELEON COMPLETE BED (K-SERIES),(Bed) 79.4 x 80.6 x 45.3,173.1,$463.00,
PH-CHA-EKG-XX,Eastern King Chameleon Headboard - Dual series,(Box 1) 48.4 x 82.7 x 4.7,61.7,$238.00,
KF-BAS-EKG-XX,K-Series Basic EKG Footboard With Panel,(Box 2) 19.1 x 81.7 x 2.4,33.1,$80.00,
KPQ-QEN/EKG-XX,Queen/EKG Dual Series Rails,(Box 3) 7.7 x 82.9 x  4.5,28.7,$77.00,
PS-EKG,Eastern King Standard Slats,(Box 4) 8.5 x 80.3 x  4.5,49.6,$68.00,
,,,,,
CRI-P-TWN-XX,TWIN CORIANDER COMPLETE BED (P-SERIES),(Bed) 42.4 x 76 x 45.3,92.5,$316.00,
PH-CRI-TWN-XX,Twin Coriander Headboard,(Box 1) 45.7 x 48.4 x 4.7,34.2,$176.00,
PF-BAS-TWN-XX,Basic Twin Footboard,(Box 2) 15.9 x 84.3 x  2.4,15.4,$37.00,
KPQ-TWN-XX,Twin Dual Series Rails,(Box 3) 7.7 x 82.9 x  4.5,22,$65.00,
PS-TWN,Twin Standard Slats,(Box 4) 8.5 x 80.3 x  4.5,20.9,$38.00,
,,,,,
CRI-P-FUL-XX,FULL  CORIANDER COMPLETE BED (P-SERIES),(Bed) 57.3 x 76 x 45.3,120.2,$356.00,
PH-CRI-FUL-XX,Full Coriander Headboard,(Box 1) 48.4 x 60.6 x 4.7,48.5,$194.00,
PF-BAS-FUL-XX,Basic Full Footboard,(Box 2) 15.9 x 60.6 x 2.4,17.6,$44.00,
KPQ-FUL-XX,Full Dual Series Rails,(Box 3) 7.7 x 78 x 4.5,26.5,$70.00,
PS-FUL,Full Standard Slats,(Box 4) 8.5 x56.3 x  4.5,27.6,$48.00,
,,,,,
CRI-P-QEN-XX,QUEEN  CORIANDER COMPLETE BED (P-SERIES),(Bed) 63.3 x 80.6 x 45.3,136.7,$381.00,
PH-CRI-QEN-XX,Queen Coriander Headboard,(Box 1) 48.4 x 66.5 x 4.7,55.1,$204.00,
PF-BAS-QEN-XX,Basic Queen Footboard,(Box 2) 15.9 x 65.9 x  2.4,19.8,$46.00,
KPQ-QEN/EKG-XX,Queen/EKG Dual Series Rails,(Box 3) 7.7 x 82.9 x 4.5,28.7,$77.00,
PS-QEN,Queen Standard Slats,(Box 4) 8.5 x 62.2 x 4.5,33.1,$54.00,
,,,,,
CRI-P-EKG-XX,EASTERN KING CORIANDER COMPLETE BED (P-SERIES),(Bed) 79.4 x 80.6 x 45.3,163.1,$447.00,
PH-CRI-EKG-XX,Eastern King Chameleon Headboard,(Box 1) 48.4 x 82.7 x 4.7,61.7,$247.00,
PF-BAS-EKG-XX,Basic Eastern King Footboard,(Box 2) 15.9 x 84.3 x  2.4,23.1,$55.00,
KPQ-QEN/EKG-XX,Queen/EKG Dual Series Rails,(Box 3) 7.7 x 82.9 x  4.5,28.7,$77.00,
PS-EKG,Eastern King Standard Slats,(Box 4) 8.5 x 80.3 x  4.5,49.6,$68.00,
,,,,,
NUT-P-TWN-XX,TWIN NUTMEG COMPLETE BED (P-SERIES),(Bed) 43.9 x 76 x 41.3,83.7,$258.00,
PH-NUT-TWN-XX,Nutmeg Twin Headboard - Dual series,(Box 1) 43.3 x 47.8 x  4.3,25.4,$118.00,
PF-BAS-TWN-XX,Basic Twin Footboard,(Box 2) 15.9 x 84.3 x  2.4,15.4,$37.00,
KPQ-TWN-XX,Twin Dual Series Rails,(Box 3) 7.7 x 82.9 x  4.5,22,$65.00,
PS-TWN,Twin Standard Slats,(Box 4) 8.5 x 80.3 x  4.5,20.9,$38.00,
,,,,,
NUT-P-FUL-XX,FULL NUTMEG COMPLETE BED (P-SERIES),(Bed) 58.9 x 76 x 41.3,103.7,$297.00,
PH-NUT-FUL-XX,Nutmeg Full Headboard - Dual series,(Box 1) 43.3 x 62.8 x 4.3,32,$135.00,
PF-BAS-FUL-XX,Basic Full Footboard,(Box 2) 15.9 x 60.6 x 2.4,17.6,$44.00,
KPQ-FUL-XX,Full Dual Series Rails,(Box 3) 7.7 x 78 x 4.5,26.5,$70.00,
PS-FUL,Full Standard Slats,(Box 4) 8.5 x56.3 x  4.5,27.6,$48.00,
,,,,,
NUT-P-QEN-XX,QUEEN NUTMEG COMPLETE BED (P-SERIES),(Bed) 64.9 x 80.6 x 41.3,115.8,$330.00,
PH-NUT-QEN-XX,Nutmeg Queen Headboard - Dual series,(Box 1) 43.3 x 68.7 x 4.3,34.2,$153.00,
PF-BAS-QEN-XX,Basic Queen Footboard,(Box 2) 15.9 x 65.9 x  2.4,19.8,$46.00,
KPQ-QEN/EKG-XX,Queen/EKG Dual Series Rails,(Box 3) 7.7 x 82.9 x 4.5,28.7,$77.00,
PS-QEN,Queen Standard Slats,(Box 4) 8.5 x 62.2 x 4.5,33.1,$54.00,
,,,,,
NUT-P-EKG-XX,EASTERN KING NUTMEG COMPLETE BED (P-SERIES),(Bed) 80.9 x 80.6 x 41.3,143.3,$378.00,
PH-NUT-EKG-XX,Nutmeg Eastern King Headboard - Dual series,(Box 1) 43.3 x 86.2 x 4.3,41.9,$178.00,
PF-BAS-EKG-XX,Basic Eastern King Footboard,(Box 2) 15.9 x 84.3 x  2.4,23.1,$55.00,
KPQ-QEN/EKG-XX,Queen/EKG Dual Series Rails,(Box 3) 7.7 x 82.9 x  4.5,28.7,$77.00,
PS-EKG,Eastern King Standard Slats,(Box 4) 8.5 x 80.3 x  4.5,49.6,$68.00,
,,,,,
NUT-K-TWN-XX,TWIN NUTMEG COMPLETE BED (K-SERIES),(Bed) 43.9 x 76 x 41.3,83.7,$274.00,
PH-NUT-TWN-XX,Nutmeg Twin Headboard - Dual series,(Box 1) 43.3 x 47.8 x  4.3,25.4,$118.00,
KF-BAS-TWN-XX,K-Series Basic Twin Footboard With Panel,(Box 2) 19.1 x 45.3 x 2,15.4,$53.00,
KPQ-TWN-XX,Twin Dual Series Rails,(Box 3) 7.7 x78 x 3,22,$65.00,
PS-TWN,Twin Standard Slats,(Box 4) 8.5 x41.3 x  4.5,20.9,$38.00,
,,,,,
NUT-K-FUL-XX,FULL NUTMEG COMPLETE BED (K-SERIES),(Bed) 58.9 x 76 x 41.3,105.9,$321.00,
PH-NUT-FUL-XX,Nutmeg Full Headboard - Dual series,(Box 1) 43.3 x 62.8 x 4.3,32,$135.00,
KF-BAS-FUL-XX,K-Series Basic Full Footboard With Panel,(Box 2) 19.1 x 60.2 x 2.4,19.8,$68.00,
KPQ-FUL-XX,Full Dual Series Rails,(Box 3) 7.7 x 78 x 4.5,26.5,$70.00,
PS-FUL,Full Standard Slats,(Box 4) 8.5 x56.3 x  4.5,27.6,$48.00,
,,,,,
NUT-K-QEN-XX,QUEEN NUTMEG COMPLETE BED (K-SERIES),(Bed) 64.9 x 80.6 x 41.3,122.5,$357.00,
PH-NUT-QEN-XX,Nutmeg Queen Headboard - Dual series,(Box 1) 43.3 x 68.7 x 4.3,34.2,$153.00,
KF-BAS-QEN-XX,K-Series Basic Queen Footboard With Panel,(Box 2) 19.7 x 66.7 x 2.4,26.5,$73.00,
KPQ-QEN/EKG-XX,Queen/EKG Dual Series Rails,(Box 3) 7.7 x 82.9 x 4.5,28.7,$77.00,
PS-QEN,Queen Standard Slats,(Box 4) 8.5 x 62.2 x 4.5,33.1,$54.00,
,,,,,
NUT-K-EKG-XX,EASTERN KING NUTMEG COMPLETE BED (K-SERIES),(Bed) 80.9 x 80.6 x 41.3,153.3,$403.00,
PH-NUT-EKG-XX,Nutmeg Eastern King Headboard - Dual series,(Box 1) 43.3 x 86.2 x 4.3,41.9,$178.00,
KF-BAS-EKG-XX,K-Series Basic EKG Footboard With Panel,(Box 2) 19.1 x 81.7 x 2.4,33.1,$80.00,
KPQ-QEN/EKG-XX,Queen/EKG Dual Series Rails,(Box 3) 7.7 x 82.9 x  4.5,28.7,$77.00,
PS-EKG,Eastern King Standard Slats,(Box 4) 8.5 x 80.3 x  4.5,49.6,$68.00,
,,,,,
RMY-P-TWN-XX,TWIN ROSEMARY COMPLETE BED (P-SERIES),(Bed) 44.7 x 76 x 41.3,84.8,$258.00,
KH-RMY-TWN-XX,Rosemary Twin Headboard - Dual series,(Box 1) 44.1 x 47.7 x 3,26.5,$118.00,
PF-BAS-TWN-XX,Basic Twin Footboard,(Box 2) 15.9 x 84.3 x  2.4,15.4,$37.00,
KPQ-TWN-XX,Twin Dual Series Rails,(Box 3) 7.7 x 82.9 x  4.5,22,$65.00,
PS-TWN,Twin Standard Slats,(Box 4) 8.5 x 80.3 x  4.5,20.9,$38.00,
,,,,,
RMY-P-FUL-XX,FULL ROSEMARY COMPLETE BED (P-SERIES),(Bed) 59.7 x 76 x 41.3,107,$301.00,
KH-RMY-FUL-XX,Rosemary Full Headboard - Dual series,(Box 1) 44.1 x 62.6 x 3,35.3,$139.00,
PF-BAS-FUL-XX,Basic Full Footboard,(Box 2) 15.9 x 60.6 x 2.4,17.6,$44.00,
KPQ-FUL-XX,Full Dual Series Rails,(Box 3) 7.7 x 78 x 4.5,26.5,$70.00,
PS-FUL,Full Standard Slats,(Box 4) 8.5 x56.3 x  4.5,27.6,$48.00,
,,,,,
RMY-P-QEN-XX,QUEEN ROSEMARY COMPLETE BED (P-SERIES),(Bed) 65.7 x 80.6 x 41.3,121.3,$330.00,
KH-RMY-QEN-XX,Rosemary Queen Headboard  - Dual series,(Box 1) 44.1 x 68.6 x 3,39.7,$153.00,
PF-BAS-QEN-XX,Basic Queen Footboard,(Box 2) 15.9 x 65.9 x  2.4,19.8,$46.00,
KPQ-QEN/EKG-XX,Queen/EKG Dual Series Rails,(Box 3) 7.7 x 82.9 x 4.5,28.7,$77.00,
PS-QEN,Queen Standard Slats,(Box 4) 8.5 x 62.2 x 4.5,33.1,$54.00,
,,,,,
RMY-P-EKG-XX,EASTERN KING ROSEMARY COMPLETE BED (P-SERIES),(Bed) 81.7 x 80.6 x 41.3,147.7,$390.00,
KH-RMY-EKG-XX,Rosemary Eastern King Headboard  - Dual series,(Box 1) 44.1 x 84.7 x 3,46.3,$190.00,
PF-BAS-EKG-XX,Basic Eastern King Footboard,(Box 2) 15.9 x 84.3 x  2.4,23.1,$55.00,
KPQ-QEN/EKG-XX,Queen/EKG Dual Series Rails,(Box 3) 7.7 x 82.9 x  4.5,28.7,$77.00,
PS-EKG,Eastern King Standard Slats,(Box 4) 8.5 x 80.3 x  4.5,49.6,$68.00,
,,,,,
RMY-K-TWN-XX,TWIN ROSEMARY COMPLETE BED (K-SERIES),(Bed) 44.7 x 76 x 41.3,84.8,$274.00,
KH-RMY-TWN-XX,Rosemary Twin Headboard  - Dual series,(Box 1) 44.1 x 47.7 x 3,26.5,$118.00,
KF-BAS-TWN-XX,K-Series Basic Twin Footboard With Panel,(Box 2) 19.1 x 45.3 x 2,15.4,$53.00,
KPQ-TWN-XX,Twin Dual Series Rails,(Box 3) 7.7 x78 x 3,22,$65.00,
PS-TWN,Twin Standard Slats,(Box 4) 8.5 x41.3 x  4.5,20.9,$38.00,
,,,,,
RMY-K-FUL-XX,FULL ROSEMARY COMPLETE BED (K-SERIES),(Bed) 59.7 x 76 x 41.3,109.2,$325.00,
KH-RMY-FUL-XX,Rosemary Full Headboard  - Dual series,(Box 1) 44.1 x 62.6 x 3,35.3,$139.00,
KF-BAS-FUL-XX,K-Series Basic Full Footboard With Panel,(Box 2) 19.1 x 60.2 x 2.4,19.8,$68.00,
KPQ-FUL-XX,Full Dual Series Rails,(Box 3) 7.7 x 78 x 4.5,26.5,$70.00,
PS-FUL,Full Standard Slats,(Box 4) 8.5 x56.3 x  4.5,27.6,$48.00,
,,,,,
RMY-K-QEN-XX,QUEEN ROSEMARY COMPLETE BED (K-SERIES),(Bed) 65.7 x 80.6 x 41.3,128,$357.00,
KH-RMY-QEN-XX,Rosemary Queen Headboard  - Dual series,(Box 1) 44.1 x 68.6 x 3,39.7,$153.00,
KF-BAS-QEN-XX,K-Series Basic Queen Footboard With Panel,(Box 2) 19.7 x 66.7 x 2.4,26.5,$73.00,
KPQ-QEN/EKG-XX,Queen/EKG Dual Series Rails,(Box 3) 7.7 x 82.9 x 4.5,28.7,$77.00,
PS-QEN,Queen Standard Slats,(Box 4) 8.5 x 62.2 x 4.5,33.1,$54.00,
,,,,,
RMY-K-EKG-XX,EASTERN KING ROSEMARY COMPLETE BED (K-SERIES),(Bed) 81.7 x 80.6 x 41.3,157.7,$415.00,
KH-RMY-EKG-XX,Rosemary Eastern King Headboard  - Dual series,(Box 1) 44.1 x 84.7 x 3,46.3,$190.00,
KF-BAS-EKG-XX,K-Series Basic EKG Footboard With Panel,(Box 2) 19.1 x 81.7 x 2.4,33.1,$80.00,
KPQ-QEN/EKG-XX,Queen/EKG Dual Series Rails,(Box 3) 7.7 x 82.9 x  4.5,28.7,$77.00,
PS-EKG,Eastern King Standard Slats,(Box 4) 8.5 x 80.3 x  4.5,49.6,$68.00,
,,,,,
SAF-P-TWN-XX,TWIN SAFFRON COMPLETE BED (P-SERIES),(Bed) 42.4 x 76 x 45.3,104.6,$272.00,
PH-SAF-TWN-XX,Saffron Twin Headboard,(Box 1) 45.6 x 48.4 x 4.5,46.3,$132.00,
PF-BAS-TWN-XX,Basic Twin Footboard,(Box 2) 15.9 x 84.3 x  2.4,15.4,$37.00,
KPQ-TWN-XX,Twin Dual Series Rails,(Box 3) 7.7 x 82.9 x  4.5,22,$65.00,
PS-TWN,Twin Standard Slats,(Box 4) 8.5 x 80.3 x  4.5,20.9,$38.00,
,,,,,
SAF-P-FUL-XX,FULL SAFFRON COMPLETE BED (P-SERIES),(Bed) 57.3 x 76 x 45.3,124.6,$325.00,
PH-SAF-FUL-XX,Saffron Full Headboard,(Box 1) 47 x 61.2 x 4.7,52.9,$163.00,
PF-BAS-FUL-XX,Basic Full Footboard,(Box 2) 15.9 x 60.6 x 2.4,17.6,$44.00,
KPQ-FUL-XX,Full Dual Series Rails,(Box 3) 7.7 x 78 x 4.5,26.5,$70.00,
PS-FUL,Full Standard Slats,(Box 4) 8.5 x56.3 x  4.5,27.6,$48.00,
,,,,,
SAF-P-QEN-XX,QUEEN SAFFRON COMPLETE BED (P-SERIES),(Bed) 63.3 x 80.6 x 45.3,138.9,$372.00,
PH-SAF-QEN-XX,Saffron Queen Headboard,(Box 1) 47 x  67.3 x 4.7,57.3,$195.00,
PF-BAS-QEN-XX,Basic Queen Footboard,(Box 2) 15.9 x 65.9 x  2.4,19.8,$46.00,
KPQ-QEN/EKG-XX,Queen/EKG Dual Series Rails,(Box 3) 7.7 x 82.9 x 4.5,28.7,$77.00,
PS-QEN,Queen Standard Slats,(Box 4) 8.5 x 62.2 x 4.5,33.1,$54.00,
,,,,,
SAF-P-EKG-XX,EASTERN KING SAFFRON COMPLETE BED (P-SERIES),(Bed) 79.4 x 80.6 x 45.3,173.1,$419.00,
PH-SAF-EKG-XX,Saffron Eastern King Headboard,(Box 1) 47.8 x 84.4 x 4.7,71.7,$219.00,
PF-BAS-EKG-XX,Basic Eastern King Footboard,(Box 2) 15.9 x 84.3 x  2.4,23.1,$55.00,
KPQ-QEN/EKG-XX,Queen/EKG Dual Series Rails,(Box 3) 7.7 x 82.9 x  4.5,28.7,$77.00,
PS-EKG,Eastern King Standard Slats,(Box 4) 8.5 x 80.3 x  4.5,49.6,$68.00,
,,,,,
THY-P-TWN-XX,TWIN THYME COMPLETE BED (P-SERIES),(Bed) 45.4 x 76 x 34.3,82.6,$238.00,
PH-THY-TWN-XX,Thyme Twin Headboard,(Box 1) 36.6 x 49.4 x 4.3,24.3,$98.00,
PF-BAS-TWN-XX,Basic Twin Footboard,(Box 2) 15.9 x 84.3 x  2.4,15.4,$37.00,
KPQ-TWN-XX,Twin Dual Series Rails,(Box 3) 7.7 x 82.9 x  4.5,22,$65.00,
PS-TWN,Twin Standard Slats,(Box 4) 8.5 x 80.3 x  4.5,20.9,$38.00,
,,,,,
THY-P-FUL-XX,FULL THYME COMPLETE BED (P-SERIES),(Bed) 60.4 x 76 x 34.3,102.6,$284.00,
PH-THY-FUL-XX,Thyme Full Headboard,(Box 1) 36.6 x 64.2 x 4.3,30.9,$122.00,
PF-BAS-FUL-XX,Basic Full Footboard,(Box 2) 15.9 x 60.6 x 2.4,17.6,$44.00,
KPQ-FUL-XX,Full Dual Series Rails,(Box 3) 7.7 x 78 x 4.5,26.5,$70.00,
PS-FUL,Full Standard Slats,(Box 4) 8.5 x56.3 x  4.5,27.6,$48.00,
,,,,,
THY-P-QEN-XX,QUEEN THYME COMPLETE BED (P-SERIES),(Bed) 66.3 x 80.6 x 34.3,114.7,$310.00,
PH-THY-QEN-XX,Thyme Queen Headboard,(Box 1) 36.6 x 70.3 x 4.3,33.1,$133.00,
PF-BAS-QEN-XX,Basic Queen Footboard,(Box 2) 15.9 x 65.9 x  2.4,19.8,$46.00,
KPQ-QEN/EKG-XX,Queen/EKG Dual Series Rails,(Box 3) 7.7 x 82.9 x 4.5,28.7,$77.00,
PS-QEN,Queen Standard Slats,(Box 4) 8.5 x 62.2 x 4.5,33.1,$54.00,
,,,,,
THY-P-EKG-XX,EASTERN KING THYME COMPLETE BED (P-SERIES),(Bed) 82.4 x 80.6 x 34.3,141.1,$347.00,
PH-THY-EKG-XX,Thyme Eastern King Headboard,(Box 1) 36.6 x 87.8 x 4.3,39.7,$147.00,
PF-BAS-EKG-XX,Basic Eastern King Footboard,(Box 2) 15.9 x 84.3 x  2.4,23.1,$55.00,
KPQ-QEN/EKG-XX,Queen/EKG Dual Series Rails,(Box 3) 7.7 x 82.9 x  4.5,28.7,$77.00,
PS-EKG,Eastern King Standard Slats,(Box 4) 8.5 x 80.3 x  4.5,49.6,$68.00,
,,,,,
SOL-P-TWN-XX,TWIN SOLSTICE COMPLETE BED (P-SERIES),(Bed) 45.7 x 76 x 43.6,104.6,$306.00,
PH-SOL-TWN-XX,Solstice Twin Headboard - Dual Series,(Box 1) 46.9 x 49 x 4.0,46.3,$166.00,
PF-BAS-TWN-XX,Basic Twin Footboard,(Box 2) 15.9 x 84.3 x  2.4,15.4,$37.00,
KPQ-TWN-XX,Twin Dual Series Rails,(Box 3) 7.7 x 82.9 x  4.5,22,$65.00,
PS-TWN,Twin Standard Slats,(Box 4) 8.5 x 80.3 x  4.5,20.9,$38.00,
,,,,,
SOL-P-FUL-XX,FULL SOLSTICE COMPLETE BED (P-SERIES),(Bed) 60.7 x 76 x 43.6,126.8,$368.00,
PH-SOL-FUL-XX,Solstice Full Headboard - Dual Series,(Box 1) 46.9 x 64 x 4,55.1,$206.00,
PF-BAS-FUL-XX,Basic Full Footboard,(Box 2) 15.9 x 60.6 x 2.4,17.6,$44.00,
KPQ-FUL-XX,Full Dual Series Rails,(Box 3) 7.7 x 78 x 4.5,26.5,$70.00,
PS-FUL,Full Standard Slats,(Box 4) 8.5 x56.3 x  4.5,27.6,$48.00,
,,,,,
SOL-P-QEN-XX,QUEEN SOLSTICE COMPLETE BED (P-SERIES),(Bed) 66.7 x 80.6 x 43.6,138.9,$403.00,
PH-SOL-QEN-XX,Solstice Queen Headboard - Dual Series,(Box 1) 46.9 x 69.9 x 4,57.3,$226.00,
PF-BAS-QEN-XX,Basic Queen Footboard,(Box 2) 15.9 x 65.9 x  2.4,19.8,$46.00,
KPQ-QEN/EKG-XX,Queen/EKG Dual Series Rails,(Box 3) 7.7 x 82.9 x 4.5,28.7,$77.00,
PS-QEN,Queen Standard Slats,(Box 4) 8.5 x 62.2 x 4.5,33.1,$54.00,
,,,,,
SOL-P-EKG-XX,EASTERN KING SOLSTICE COMPLETE BED (P-SERIES),(Bed) 82.7 x 80.6 x 43.6,169.7,$489.00,
PH-SOL-EKG-XX,Solstice Eastern King Headboard - Dual Series,(Box 1) 46.9 x 88 x 4,68.3,$289.00,
PF-BAS-EKG-XX,Basic Eastern King Footboard,(Box 2) 15.9 x 84.3 x  2.4,23.1,$55.00,
KPQ-QEN/EKG-XX,Queen/EKG Dual Series Rails,(Box 3) 7.7 x 82.9 x  4.5,28.7,$77.00,
PS-EKG,Eastern King Standard Slats,(Box 4) 8.5 x 80.3 x  4.5,49.6,$68.00,
,,,,,
SOL-K-TWN-XX,TWIN SOLSTICE COMPLETE BED (K-SERIES),(Bed) 45.7 x 76 x 43.6,104.6,$322.00,
PH-SOL-TWN-XX,Solstice Twin Headboard - Dual Series,(Box 1) 46.9 x 49 x 4.0,46.3,$166.00,
KF-BAS-TWN-XX,K-Series Basic Twin Footboard With Panel,(Box 2) 19.1 x 45.3 x 2,15.4,$53.00,
KPQ-TWN-XX,Twin Dual Series Rails,(Box 3) 7.7 x78 x 3,22,$65.00,
PS-TWN,Twin Standard Slats,(Box 4) 8.5 x41.3 x  4.5,20.9,$38.00,
,,,,,
SOL-K-FUL-XX,FULL SOLSTICE COMPLETE BED (K-SERIES),(Bed) 60.7 x 76 x 43.6,129,$392.00,
PH-SOL-FUL-XX,Solstice Full Headboard - Dual Series,(Box 1) 46.9 x 64 x 4,55.1,$206.00,
KF-BAS-FUL-XX,K-Series Basic Full Footboard With Panel,(Box 2) 19.1 x 60.2 x 2.4,19.8,$68.00,
KPQ-FUL-XX,Full Dual Series Rails,(Box 3) 7.7 x 78 x 4.5,26.5,$70.00,
PS-FUL,Full Standard Slats,(Box 4) 8.5 x56.3 x  4.5,27.6,$48.00,
,,,,,
SOL-K-QEN-XX,QUEEN SOLSTICE COMPLETE BED (K-SERIES),(Bed) 66.7 x 80.6 x 43.6,145.6,$430.00,
PH-SOL-QEN-XX,Solstice Queen Headboard - Dual Series,(Box 1) 46.9 x 69.9 x 4,57.3,$226.00,
KF-BAS-QEN-XX,K-Series Basic Queen Footboard With Panel,(Box 2) 19.7 x 66.7 x 2.4,26.5,$73.00,
KPQ-QEN/EKG-XX,Queen/EKG Dual Series Rails,(Box 3) 7.7 x 82.9 x 4.5,28.7,$77.00,
PS-QEN,Queen Standard Slats,(Box 4) 8.5 x 62.2 x 4.5,33.1,$54.00,
,,,,,
SOL-K-EKG-XX,EASTERN KING SOLSTICE COMPLETE BED (K-SERIES),(Bed) 82.7 x 80.6 x 43.6,179.7,$514.00,
PH-SOL-EKG-XX,Solstice Eastern King Headboard - Dual Series,(Box 1) 46.9 x 88 x 4,68.3,$289.00,
KF-BAS-EKG-XX,K-Series Basic EKG Footboard With Panel,(Box 2) 19.1 x 81.7 x 2.4,33.1,$80.00,
KPQ-QEN/EKG-XX,Queen/EKG Dual Series Rails,(Box 3) 7.7 x 82.9 x  4.5,28.7,$77.00,
PS-EKG,Eastern King Standard Slats,(Box 4) 8.5 x 80.3 x  4.5,49.6,$68.00,
,,,,,
TAM-P-TWN-XX,TWIN TAMARIND COMPLETE BED (P-SERIES),(Bed) 42.4 x 76 x 48,104.6,$276.00,
KH-TAM-TWN-XX,Tamarind Twin Headboard - Dual Series,(Box 1) 50 x 44.5 x 2.4,46.3,$136.00,
PF-BAS-TWN-XX,Basic Twin Footboard,(Box 2) 15.9 x 84.3 x  2.4,15.4,$37.00,
KPQ-TWN-XX,Twin Dual Series Rails,(Box 3) 7.7 x 82.9 x  4.5,22,$65.00,
PS-TWN,Twin Standard Slats,(Box 4) 8.5 x 80.3 x  4.5,20.9,$38.00,
,,,,,
TAM-P-FUL-XX,FULL TAMARIND COMPLETE BED (P-SERIES),(Bed) 57.3 x 76 x 48,131.2,$330.00,
KH-TAM-FUL-XX,Tamarind Full Headboard - Dual Series,(Box 1) 50 x 59.6 x 2.4,59.5,$168.00,
PF-BAS-FUL-XX,Basic Full Footboard,(Box 2) 15.9 x 60.6 x 2.4,17.6,$44.00,
KPQ-FUL-XX,Full Dual Series Rails,(Box 3) 7.7 x 78 x 4.5,26.5,$70.00,
PS-FUL,Full Standard Slats,(Box 4) 8.5 x56.3 x  4.5,27.6,$48.00,
,,,,,
TAM-P-QEN-XX,QUEEN TAMARIND COMPLETE BED (P-SERIES),(Bed) 63.3 x 80.6 x 48,143.3,$382.00,
KH-TAM-QEN-XX,Tamarind Queen Headboard - Dual Series,(Box 1) 50 x 65.4 x 2.4,61.7,$205.00,
PF-BAS-QEN-XX,Basic Queen Footboard,(Box 2) 15.9 x 65.9 x  2.4,19.8,$46.00,
KPQ-QEN/EKG-XX,Queen/EKG Dual Series Rails,(Box 3) 7.7 x 82.9 x 4.5,28.7,$77.00,
PS-QEN,Queen Standard Slats,(Box 4) 8.5 x 62.2 x 4.5,33.1,$54.00,
,,,,,
TAM-P-EKG-XX,EASTERN KING TAMARIND COMPLETE BED (P-SERIES),(Bed) 79.4 x 80.6 x 48,176.4,$430.00,
KH-TAM-EKG-XX,Tamarind Eastern King Headboard - Dual Series,(Box 1) 50 x 81.8 x 2.4,75,$230.00,
PF-BAS-EKG-XX,Basic Eastern King Footboard,(Box 2) 15.9 x 84.3 x  2.4,23.1,$55.00,
KPQ-QEN/EKG-XX,Queen/EKG Dual Series Rails,(Box 3) 7.7 x 82.9 x  4.5,28.7,$77.00,
PS-EKG,Eastern King Standard Slats,(Box 4) 8.5 x 80.3 x  4.5,49.6,$68.00,
,,,,,
TAM-K-TWN-XX,TWIN TAMARIND COMPLETE BED (K-SERIES),(Bed) 42.4 x 76 x 48,104.6,$292.00,
KH-TAM-TWN-XX,Tamarind Twin Headboard - Dual Series,(Box 1) 50 x 44.5 x 2.4,46.3,$136.00,
KF-BAS-TWN-XX,K-Series Basic Twin Footboard With Panel,(Box 2) 19.1 x 45.3 x 2,15.4,$53.00,
KPQ-TWN-XX,Twin Dual Series Rails,(Box 3) 7.7 x78 x 3,22,$65.00,
PS-TWN,Twin Standard Slats,(Box 4) 8.5 x41.3 x  4.5,20.9,$38.00,
,,,,,
TAM-K-FUL-XX,FULL TAMARIND COMPLETE BED (K-SERIES),(Bed) 57.3 x 76 x 48,133.4,$354.00,
KH-TAM-FUL-XX,Tamarind Full Headboard - Dual Series,(Box 1) 50 x 59.6 x 2.4,59.5,$168.00,
KF-BAS-FUL-XX,K-Series Basic Full Footboard With Panel,(Box 2) 19.1 x 60.2 x 2.4,19.8,$68.00,
KPQ-FUL-XX,Full Dual Series Rails,(Box 3) 7.7 x 78 x 4.5,26.5,$70.00,
PS-FUL,Full Standard Slats,(Box 4) 8.5 x56.3 x  4.5,27.6,$48.00,
,,,,,
TAM-K-QEN-XX,QUEEN TAMARIND COMPLETE BED (K-SERIES),(Bed) 63.3 x 80.6 x 16.3,150,$409.00,
KH-TAM-QEN-XX,Tamarind Queen Headboard - Dual Series,(Box 1) 50 x 65.4 x 2.4,61.7,$205.00,
KF-BAS-QEN-XX,K-Series Basic Queen Footboard With Panel,(Box 2) 19.7 x 66.7 x 2.4,26.5,$73.00,
KPQ-QEN/EKG-XX,Queen/EKG Dual Series Rails,(Box 3) 7.7 x 82.9 x 4.5,28.7,$77.00,
PS-QEN,Queen Standard Slats,(Box 4) 8.5 x 62.2 x 4.5,33.1,$54.00,
,,,,,
TAM-K-EKG-XX,EASTERN KING TAMARIND COMPLETE BED (K-SERIES),(Bed) 79.4 x 80.6 x 48,186.4,$455.00,
KH-TAM-EKG-XX,Tamarind Eastern King Headboard - Dual Series,(Box 1) 50 x 81.8 x 2.4,75,$230.00,
KF-BAS-EKG-XX,K-Series Basic EKG Footboard With Panel,(Box 2) 19.1 x 81.7 x 2.4,33.1,$80.00,
KPQ-QEN/EKG-XX,Queen/EKG Dual Series Rails,(Box 3) 7.7 x 82.9 x  4.5,28.7,$77.00,
PS-EKG,Eastern King Standard Slats,(Box 4) 8.5 x 80.3 x  4.5,49.6,$68.00,
,,,,,
TAR-P-TWN-XX,TWIN TARRAGON COMPLETE BED (P-SERIES),(Bed) 48.6 x 76 x 50,93.6,$285.00,
PH-TAR-TWN-XX,Tarragon Twin Headboard,(Box 1) 34.3 x  51.2 x 2.6,35.3,$129.00,
PF-BAS-TWN-XX,Basic Twin Footboard,(Box 2) 15.9 x 84.3 x  2.4,15.4,$53.00,
KPQ-TWN-XX,Twin Dual Series Rails,(Box 3) 7.7 x 82.9 x  4.5,22,$65.00,
PS-TWN,Twin Standard Slats,(Box 4) 8.5 x 80.3 x  4.5,20.9,$38.00,
,,,,,
TAR-P-FUL-XX,FULL TARRAGON COMPLETE BED (P-SERIES),(Bed) 68.2 x 76 x 50,118,$374.00,
PH-TAR-FUL/QEN-XX,Tarragon Full/Qen Headboard,(Box 1) 34.3 x 70.9 x  2.6,46.3,$188.00,
PF-BAS-FUL-XX,Basic Full Footboard,(Box 2) 15.9 x 60.6 x 2.4,17.6,$68.00,
KPQ-FUL-XX,Full Dual Series Rails,(Box 3) 7.7 x 78 x 4.5,26.5,$70.00,
PS-FUL,Full Standard Slats,(Box 4) 8.5 x56.3 x  4.5,27.6,$48.00,
,,,,,
TAR-P-QEN-XX,QUEEN TARRAGON COMPLETE BED (P-SERIES),(Bed) 68.2 x 76 x 50,127.9,$392.00,
PH-TAR-FUL/QEN-XX,Tarragon Full/Queen Headboard,(Box 1) 34.3 x 70.9 x  2.6,46.3,$188.00,
PF-BAS-QEN-XX,Basic Queen Footboard,(Box 2) 15.9 x 65.9 x  2.4,19.8,$73.00,
KPQ-QEN/EKG-XX,Queen/EKG Dual Series Rails,(Box 3) 7.7 x 82.9 x 4.5,28.7,$77.00,
PS-QEN,Queen Standard Slats,(Box 4) 8.5 x 62.2 x 4.5,33.1,$54.00,
,,,,,
TAR-P-EKG-XX,EASTERN KING TARRAGON COMPLETE BED (P-SERIES),(Bed) 84.3 x 80.6 x 50,153.2,$450.00,
PH-TAR-EKG-XX,Tarragon Eastern King Headboard,(Box 1) 34.3 x 87 x 2.6,51.8,$225.00,
PF-BAS-EKG-XX,Basic Eastern King Footboard,(Box 2) 15.9 x 84.3 x  2.4,23.1,$80.00,
KPQ-QEN/EKG-XX,Queen/EKG Dual Series Rails,(Box 3) 7.7 x 82.9 x  4.5,28.7,$77.00,
PS-EKG,Eastern King Standard Slats,(Box 4) 8.5 x 80.3 x  4.5,49.6,$68.00,
,,,,,
TAR-K-TWN-XX,TWIN TARRAGON COMPLETE BED (K-SERIES),(Bed) 48.6 x 76 x 50,93.6,$285.00,
PH-TAR-TWN-XX,Tarragon Twin Headboard,(Box 1) 34.3 x  51.2 x 2.6,35.3,$129.00,
KF-BAS-TWN-XX,K-Series Basic Twin Footboard With Panel,(Box 2) 19.1 x 45.3 x 2,15.4,$53.00,
KPQ-TWN-XX,Twin Dual Series Rails,(Box 3) 7.7 x 78 x 3,22,$65.00,
PS-TWN,Twin Standard Slats,(Box 4) 8.5 x 41.3 x  4.5,20.9,$38.00,
,,,,,
TAR-K-FUL-XX,FULL TARRAGON COMPLETE BED (K-SERIES),(Bed) 68.2 x 76 x 50,120.2,$374.00,
PH-TAR-FUL-XX,Tarragon Full Headboard,(Box 1) 34.3 x 70.9 x  2.6,46.3,$188.00,
KF-BAS-FUL-XX,K-Series Basic Full Footboard With Panel,(Box 2) 19.1 x 60.2 x 2.4,19.8,$68.00,
KPQ-FUL-XX,Full Dual Series Rails,(Box 3) 7.7 x 78 x 4.5,26.5,$70.00,
PS-FUL,Full Standard Slats,(Box 4) 8.5 x 56.3 x  4.5,27.6,$48.00,
,,,,,
TAR-K-QEN-XX,QUEEN TARRAGON COMPLETE BED (K-SERIES),(Bed) 68.2 x 76 x 50,134.6,$392.00,
PH-TAR-QEN-XX,Tarragon Queen Headboard,(Box 1) 34.3 x 70.9 x  2.6,46.3,$188.00,
KF-BAS-QEN-XX,K-Series Basic Queen Footboard With Panel,(Box 2) 19.7 x 66.7 x 2.4,26.5,$73.00,
KPQ-QEN/EKG-XX,Queen/EKG Dual Series Rails,(Box 3) 7.7 x 82.9 x 4.5,28.7,$77.00,
PS-QEN,Queen Standard Slats,(Box 4) 8.5 x 62.2 x 4.5,33.1,$54.00,
,,,,,
TAR-K-EKG-XX,EASTERN KING TARRAGON COMPLETE BED (K-SERIES),(Bed) 84.3 x 80.6 x 50,163.2,$450.00,
PH-TAR-EKG-XX,Tarragon Eastern King Headboard,(Box 1) 34.3 x 87 x 2.6,51.8,$225.00,
KF-BAS-EKG-XX,K-Series Basic EKG Footboard With Panel,(Box 2) 19.1 x 81.7 x 2.4,33.1,$80.00,
KPQ-QEN/EKG-XX,Queen/EKG Dual Series Rails,(Box 3) 7.7 x 82.9 x  4.5,28.7,$77.00,
PS-EKG,Eastern King Standard Slats,(Box 4) 8.5 x 80.3 x  4.5,49.6,$68.00,
,,,,,
LBD-FUL-XX,"Standard Full Drawers Set ""P"" Series",(Drawer) 75.1 x 20.5 x 9.7,37.5,$96.00,
,,(Box) 25.6 x 43.3 x 3.1,,,
,,,,,
LBD-QEN-XX,"Standard Queen Drawers Set ""P"" Series",(Drawer) 80.5 x 20.5 x 9.7,41.9,$102.00,
,,(Box) 25.6 x 43.3 x 3.1,,,
,,,,,
PDR-TWN/FUL-XX,"Twin and Full Drawers for ""K"" Series Beds",(Drawer) 75.7 x 20.6 x 13.7,52.9,$153.00,
,,(Box) 20.2 x 41.8 x 4.9,,,
,,,,,
PDR-QEN/EKG-XX,"Queen and King Drawers for ""K"" Series Beds",(Drawer) 80.2 x 20.6 x 13.7,61.7,$168.00,
,,(Box) 20.2 x 44.1 x 6.1,,,
,,,,,
CD-CLO-HNS-XX,Hook On Nightstand,(NS) 18.3 x 15.7 x 23.5,19.8,$71.00,
,,(Box) 17.3 x 26.2 x 5.9,,,
,,,,,
,,,,,
,,,,,
PHADAPT-XX,Headboard Adaptor Plate,(Adapter) 15 x 7 x 2,4,$20.00,
,,,,,
,,,,,
,,,,,
PF-FFB-TWN-XX,Folding Bench Footboard Twin,(FFB) 43.9 x 10.2 x 18.5,34.2,$109.00,
,,(Box) 22.2 x 47 x 5.1,,,
PF-FFB-FULL-XX,Folding Bench Footboard Full,(FFB) 58.8 x 10.2 x 18.5,41.9,$126.00,
,,(Box) 22.2 x 61.8 x 5.1,,,
PF-FFB-QEN-XX,Folding Bench Footboard Queen,(FFB) 64.8 x 10.2 x 18.5,45.2,$137.00,
,,(Box) 22.2 x 67.9 x 5.1,,,
,,,,,
PF-FFB-EKG-XX,Folding Bench Footboard E King,(FFB) 80.9 x 10.2 x 18.5,57.3,$177.00,
,,,,,
PP-TWN-XX,Twin Privacy Panel,(Box) 9.1 x 41.5 x 1.4,3.3,$14.00,
,,,,,
PP-FUL-XX,Full Privacy Panel,(Box) 9.1 x 56.5 x 1.4,5.5,$19.00,
,,,,,
PP-QEN-XX,Queen Privacy Panel,(Box) 9.1 x 62 x 1.4,6.6,$21.00,
,,,,,
PP-EKG-XX,King Privacy Panel,(Box) 9.1 x 80.3 x 1.4,8.8,$27.00,
,,,,,
,,,,,
GIN-TWN-LFT-XX,Ginger Twin Loft Complete,(LoFT) 83 x 43 x 77.6,145.5,$510.00,
LBH-GIN-TWN-XX,Ginger Twin Loft Bunk Head/Foot,(Box 1) 27.6 x 47 x 4.7,57.3,$144.00,
LBR-GIN-TWN-XX,Ginger Twin Loft Bunk Rails/Ladder,(Box 2) 26.4 x 79.9 x 7.9,88.2,$229.00,
LBP-GIN-TWN/FUL-XX,Ginger Loft Posts,(Box 3) 10.4 x 80.3 x 3,44.1,$84.00,
LBS-TWN,Ginger Loft Twin Slat Set,(Box 4) 11.6 x 40.7 x 5.3,28.7,$53.00,
,,,,,
GIN-FUL-LFT-XX,Ginger Full Loft Complete,(LoFT) 83 x 59.1 x 77.6,169.8,$596.00,
LBH-GIN-FUL-XX,Ginger Full Loft Bunk Head/Foot,(Box 1) 27.4 x 63.6 x 6.3,77.2,$193.00,
LBR-GIN-FUL-XX,Ginger Full Loft Bunk Rails/Ladder,(Box 2) 26.4 x 79.9 x 7.9,92.6,$247.00,
LBP-GIN-TWN/FUL-XX,Ginger Loft Posts,(Box 3) 10.4 x 80.3 x 3,44.1,$84.00,
LBS-FUL,Ginger Loft Full Slat Set,(Box 4) 11.2 x 57.1 x 5.3,37.5,$72.00,
,,,,,
LBD-GIN-CUR-TWN-XX,Ginger Twin Loft Curvy Desk,(Box 1) 32.7 x 41.5 x 2.4,28.7,$71.00,
,,,,,
LBD-GIN-CUR-FUL-XX,Ginger Full Loft Curvy Desk,(Box 1) 32.7 x 57.7 x 2.4,41.9,$92.00,
,,,,,
LBD-GIN-STR-TWN/FUL-XX,Ginger Loft Straight Desk,(Box 1) 27 x 81.3 x 3.1,57.3,$92.00,
,,,,,
CIN-T/T-XX,CINNAMON TWIN/TWIN BUNK,(Bed) 79.9 x 41.5 x 67.9,216.1,$447.00,
PBH-RR-CIN-XX,Twin/Twin Headboard and Footboard Cinnamon,(Box 1) 38.4 x 46.3 x 6.7,94.8,$185.00,
PBR-RR-XX,Rails/Ladder Twin/Twin Cinnamon Bunk,(Box 2) 20.1 x 78.1 x 8.3,80.5,$185.00,
PBS-XX,Slats fot Twin/Twin Cinnamon Bunk,(Box 3) 9.6 x 40.2 x 8.7,40.8,$77.00,
,,,,,
CIN-T/FN-XX,CINNAMON TWIN/FUTON BUNK,(Bed) 79.38 x 41.38 x 69,249.1,$617.00,
SFBH-RR-CIN-XX,Headboard/Footboard Cinnamon Futon Bunk,(Box 1) 39.4 x 44.9 x 8.7,90.4,$216.00,
SFBR-RR-CIN-XX,Rails & Ladder Cinnamon Futon Bunk,(Box 3) 20.5 x 79.1 x 5.1,61.7,$129.00,
SFBS-CIN-XX,Slats for Cinnamon Futon Bunk,(Box 4) 12.6 x 40.6 x 3.5,22,$45.00,
SB-FUL-XX,Full Size Shoe Fitting Body,(Box 2) 33.1 x 78 x 4.9,75,$227.00,
,,,,,
GIN-T/F-XX,GINGER TWIN/FULL BUNK,(Bed) 83.1 x 58.7 x 67.5,278.9,$616.00,
PBTF1-RR-GIN-XX,Upper Bunk Ginger Headboard/Footboard,(Box 1) 36.2 x 45.3 x 4.7,50.7,$113.00,
PBTF2-RR-GIN-XX,Lower Bunk Ginger Headboard/Footboard,(Box 2) 39.2 x 61.8 x 4.7,79.4,$185.00,
PBTF3-XX,Twin Slat Bundle Pack,(Box 3) 9.6 x 40.2 x 4.3,20.9,$46.00,
PBTF4-XX,Full Slat Bundle Pack,(Box 4) 9.6 x 56.1 x 4.3,38.6,$67.00,
PBTF5-RR-XX,Ladder/Rails Twin/Full Ginger Bunk,(Box 5) 20.1 x 78.1 x 8.3,89.3,$205.00,
,,,,,
GIN-F/F-XX,GINGER FULL /FULL BUNK,(Bed) 83.1 x 58.7 x 69.5,318.6,$699.00,
PBFF1-RR-GIN-XX,Full/Full Bunk Upper Upper Head/Footboard,(Box 1) 37.4 x 61.8 x 4.7,79.4,$165.00,
PBFF2-RR-GIN-XX,Full/Full Bunk Lower Upper Head/Footboard,(Box 2) 39.2 x 61.8 x 4.7,79.4,$185.00,
PBFF3-RR-XX,Full/Full Bunk Rails & Ladder,(Box 3) 20.1 x 78.1 x 8.3,89.3,$206.00,
PBFF4-XX,Full/Full Slats,(Box 4) 9.6 x 56.1 x 8.1,70.5,$143.00,
,,,,,
PEP-T/T-XX,PEPPERMINT TWIN/TWIN STAIRCASE BUNK,,286.6,$772.00,
PBB-PEP-1-XX,Headboard/Footboards,(Box 1) 37.8 x 45.1 x 5.1,66.1,$195.00,
PBB-PEP-2-XX,Guard Rails & Rails,(Box 2) 19.1 x 79.3 x 4.3,57.3,$149.00,
PBB-PEP-4-XX,Stair Sides & Handrail,(Box 4) 48.2 x 44.7 x 4.5,46.3,$170.00,
PBB-PEP-5-XX,"Steps, Panels, Rear Handrail & Shelves",(Box 5) 21.9 x 29.9 x 5.1,37.5,$93.00,
PBB-PEP-6-XX,Drawers Peppermint Bunk,(Box 6) 20.1 x 26.2 x 5.9,38.6,$88.00,
PBS,Slats Twin/Twin Peppermint Bunk,(Box 7) 9.6 x 40.7 x 8.7,40.8,$77.00,
,,,,,
PEP-T/F-XX,PEPPERMINT TWIN/FULL STAIRCASE BUNK,(Bed) 97.5 x 57.6 x 65.1,323,$874.00,
PBB-PEP-1-XX,Headboard/Footboards,(Box 1) 37.8 x 45.1 x 5.1,66.1,$195.00,
PBB-PEP-2-XX,Guard Rails & Rails,(Box 2) 19.1 x 79.3 x 4.3,57.3,$149.00,
PBB-PEP-4-XX,Stair Sides & Handrail,(Box 4) 48.2 x 44.7 x 4.5,46.3,$170.00,
PBB-PEP-5-XX,"Steps, Panels, Rear Handrail & Shelves",(Box 5) 21.9 x 29.9 x 5.1,37.5,$93.00,
PBB-PEP-6-XX,Drawers Peppermint Bunk,(Box 6) 20.1 x 26.2 x 5.9,38.6,$88.00,
PBS,Slats Twin/Twin Peppermint Bunk,(Box 7) 9.6 x 40.7 x 8.7,40.8,$77.00,
PBX-TWN/FUL-XX,Twin/Full Bunk Extension,(Box 8) 20.1x 78.7 x 3.5,36.4,$102.00,
,,,,,
PBBS-XX,STORAGE BUNK STAIRS (For T/T & T/F only),(STAIRS) 14.1 x 30.7 x 55.1,59.5,$204.00,
,,(Box 1) 18.9 x 65 x 3.9,,,
,,,,,
PDR-TWN/FUL-XX,Twin / Full Storage Drawers,(Drawer) 75.7 x 20.6 x 13.7,52.9,$153.00,
,,(Box) 20.2 x 41.8 x 4.9,,,
,,,,,
PB-SHELF-XX,BUNK HANGING SHELF,(Box) 12 x 36 x 2,10,$46.00,
,,,,,
CD-CLOF-6A-XX,CLOVE 6 DRAWER DRESSER,(Dresser) 62 x 18.5 x 31.1,151,$452.00,
,,(Box) 63.8 x 20.5 x 33.1,,,
,,,,,
CM-CLO-6A-XX,CLOVE MIRROR,(Mirror) 44.3 x 2.8 x 46,39.7,$123.00,
,,(Box) 47.2 x 3.9 x 49.6,,,
,,,,,
CD-CLOF-5A-XX,CLOVE 5 DRAWER CHEST,(Chest) 38 x 18.5 x 47.1,127.9,$390.00,
,,(Box) 39.8 x 20.5 x 49.4,,,
,,,,,
,,,,,
CD-CLOF-6B-XX,CLOVE LINGERIE CHEST,(Chest) 25 x 18.5 x 51.4,114.6,$359.00,
,,(Box) 27.6 x 21.1 x 55.5,,,
,,,,,
,,,,,
CD-CLOF-2A-XX,CLOVE NIGHTSTAND,(Nightstand) 25 x 18.5 x 24.1,52.9,$153.00,
,,(Box) 26.8 x 20.3 x 26.2,,,
,,,,,
,,,,,
CCH-CLOF-XX,CLOVE CHAIR,(Chair) 14.9 x 18 x 35.8,17.6,$61.00,
,,(Box) 36.8 x 17.3 x 4.1,,,
,,,,,
CSD-CLOF-XX,CLOVE STUDENT DESK,(Desk) 44.9 x 23.6 x 30,119,$359.00,
,,(Box) 46.9 x 25.6 x 33.7,,,
,,,,,
CD-CLO-HNS-XX,HOOK-ON NIGHTSTAND,(NS) 18.3 x 15.7 x 23.5,19.8,$71.00,
,,(Box) 17.3 x 26.2 x 5.9,,,
,,,,,
,,,,,
CD-SEC2-7B-XX,SECRETS 7 DRAWER DRESSER,(Dresser) 57.9 x 18.5 x 32.6,136.7,$452.00,
,,(Box) 60 x 20.7 x 35.9,,,
,,,,,
,,,,,
,,,,,
CM-SEC-6A-XX,SECRETS MIRROR,(Mirror) 38.8 x 2.5 x 40.8,35.3,$123.00,
,,(Box) 41 x 4.3 43.9,,,
,,,,,
CD-SEC-TRAY,SECRETS TRAY,(Tray) 14.9 x 11.4 1.87,2.2,$26.00,
,,,,,
,,,,,
CD-SEC2-5B-XX,SECRETS 5 DRAWER CHEST,(Chest) 39.6 x 18.5 x 47,132.3,$390.00,
,,(Box) 41.9 x 20.7 x 50.3,,,
,,,,,
,,,,,
CD-SEC2-1B-XX,SECRETS NIGHTSTAND,(Nightstand) 22.8 x 18.5 x 24.4,46.3,$153.00,
,,(Box) 25 x 20.7 x 27.7,,,
,,,,,
,,,,,
NFA-TWN-XX,NIGHTFALL DAYBED COMPLETE,(Bed) 87.4 x 40.1 x 38.4,110.2,$359.00,
DBA-NFA-XX,Nightfall Daybed Arm Set,(Box 1) 32.7 x 42.5 x 9.6,52.9,$184.00,
DBP-NFA-XX,Nightfall Daybed Back Panel,(Box 2) 22.8 x 89.8 x 1.4,17.6,$74.00,
DBR-TWN-XX,Daybed Rails & Slats,(Box 3) 10 x 78.3 x 4.5,39.7,$101.00,
,,,,,
,,,,,
,,,,,
TER-TWN-XX,TEDDY ROOSEVELT DAYBED COMPLETE,(Bed) 85.4 x 42 x 32,66.1,$359.00,
DBA-TER-XX,Teddy Roosevelt Daybed Arm Set,(Box 1) 33.9 x 48 x 6.3,50.7,$184.00,
DBP-TER-XX,Teddy Roosevelt Daybed Back Panel,(Box 2) 15.4 x 82.7 x 3.3,15.4,$74.00,
DBR-TWN-XX,Daybed Rails & Slats,(Box 3) 10 x 78.3 x 4.5,39.7,$101.00,
,,,,,
,,,,,
,,,,,
SEG-DAY-WH,SEAGULL DAYBED COMPLETE,(Bed) 82.2 x 41.8 x 41.5,74.9,$359.00,
DBA-SEG-WH,Seagull Daybed Arm Set,(Box 1) 40.6 x 44.9 x 4.3,56.2,$184.00,
DBP-SEG-WH,Seagull Daybed Back Panel,(Box 2) 27 x 79.1 x 1.3,18.7,$74.00,
DBR-TWN-XX,Daybed Rails & Slats,(Box 3) 10 x 78.3 x 4.5,39.7,$101.00,
,,,,,
,,,,,
DYB-STL-TWN-LGY,SAINT LAWRENCE DAYBED COMPLETE,(Bed) 81.3 x 42.9 x 31.3,110.7,$257.00,
DB1-STL-TWN-LGY,Saint Lawrence Daybed Arm Set,(Box 1) 43.1 x 28.5 x 5.9,37.7,$52.00,
DB1-STL-TWN-LGY,"Saint-Lawrence Daybed, Back Panel, Rails & Slats & Trundle Bed",(Box 2) 78.1 x14.6 x 7.3,73,$205.00,
,,,,,
PDR-TWN/FUL-XX,Twin / Full Storage Drawers,(Drawer) 75.7 x 20.6 x 13.7,52.9,$153.00,
,,(Box) 20.2 x 41.8 x 4.9,,,
,,,,,
,,,,,
DBE-XX,Daybed drawer extension,,94.8,$205.00,
,,,,,
,,,,,
,,,,,
MSL-TWN-XX,MAINSAIL TWIN COMPLETE BED (K-SERIES),(Bed) 43.9 x 76 x 46,87,$216.00,
KH-MAIN-TWN-XX,Mainsail Twin Headboard,(Box 1) 45.5 x 48.4 x 3.3,27.6,$60.00,
KF-BAS-TWN-XX,K-Series Basic Twin Footboard With Panel,(Box 2) 45.3 x 19.1 x 2,15.4,$53.00,
KQX-TWN-XX,Twin K Series Rails,(Box 3) 6.3 x 78.3 x 3.5,23.1,$65.00,
PS-TWN,Twin Standard Slats,(Box 4) 41.3 x 8.5 x 4.5,20.9,$38.00,
,,,,,
MSL-FUL-XX,MAINSAIL FULL COMPLETE BED (K-SERIES),(Bed) 58.9 x 76 x 46,111.4,$287.00,
KH-MAIN-FUL-XX,Mainsail Full Headboard,(Box 1) 60.6 x 48.4 x 3.3,33.1,$101.00,
KF-BAS-FUL-XX,K-Series Basic Full Footboard With Panel,(Box 2) 60.2 x 19.1 x 2.4,19.8,$68.00,
KQX-FUL-XX,Full K Series Rails,(Box 3) 10.6 x 78.3 x 3.7,30.9,$70.00,
PS-FUL,Full Standard Slats,(Box 4) 56.3 x 8.5 x 4.5,27.6,$48.00,
,,,,,
MSL-QEN-XX,MAINSAIL QUEEN COMPLETE BED (K-SERIES),(Bed) 64.9 x 80.6 x 46,131.2,$339.00,
KH-MAIN-QEN-XX,Mainsail Queen Headboard,(Box 1) 68.9 x 48.8 x 3.3,37.5,$135.00,
KF-BAS-QEN-XX,K-Series Basic Queen Footboard With Panel,(Box 2) 60 x 19.3 x 2.4,19.8,$73.00,
KQX-QEN-XX,Queen K Series Rails,(Box 3) 82.3 x 9.8 x 3.5,30.9,$77.00,
PS-QEN,Queen Standard Slats,(Box 4) 63 x 9.6 x 4.9,43,$54.00,
,,,,,
MSL-EKG-XX,MAINSAIL EASTERN KING COMPLETE BED (K-SERIES),(Bed) 80.9 x 79.4 x 46,156.5,$369.00,
KH-MAIN-EKG-XX,Mainsail Eastern King Headboard,(Box 1) 84.8 x 48.8 x 3.3,47.3,$144.00,
KF-BAS-EKG-XX,K-Series Basic Eastern King Footboard With Panel,(Box 2) 89.2 x 19.3 x 2.4,24.3,$80.00,
KQX-EKG-XX,Eastern King K Series Rails,(Box 3) 82.3 x 9.8 x 3.5,30.9,$77.00,
PS-EKG,King Standard Slats,(Box 4) 82.7 x 9.6 x 4.9,54,$68.00,
,,,,,
SAL-T/T-XX,SAILBOAT TWIN/TWIN BUNK,(Bed) 81.5 x 42.8 x 67.2,220.5,$462.00,
PBH-SAL-BDR,Twin/Twin Headboard and Footboard,(Box 1) 39.6 x 48.2 x 6.5,86,$200.00,
PBR-BDR,Rails/Ladder Twin/Twin Bunk,(Box 2) 14.6 x 79.3 x 5.5,77.2,$185.00,
PBS,Slats Twin/Twin Bunk,(Box 3) 9.1 x 41.3 x 8.5,57.3,$77.00,
,,,,,
,,,,,
SAL-T/F-XX,SAILBOAT TWIN/FULL BUNK,(Bed) 81.5 x 58.1 x 67.2,258,$565.00,
PBH-SAL-BDR,Twin/Full Headboard and Footboard,(Box 1) 39.6 x 48.2 x 6.5,86,$200.00,
PBR-BDR,Rails/Ladder Twin/Full Bunk,(Box 2) 14.6 x 79.3 x 5.5,77.2,$185.00,
PBS,Slats Twin/Twin Bunk,(Box 3) 9.1 x 41.3 x 8.5,57.3,$77.00,
PBX-TWN/FUL-BDR,Twin/Full Bunk Extension,(Box 4) 20.1 x 78.7 x 3.5,37.5,$103.00,
,,,,,
,,,,,
CD-CSEC-5A-XX,CHESAPEAKE 5 DRWER CHEST,39.6 x 18.5 x 47,148.8,$390.00,
,,(Box) 41.9 x 20.7 x 50.3,,,
,,,,,
CD-CSEC-6A-XX,CHESAPEAKE 6 DRAWER DRESSER,(Dresser) 57.9 x 18.5 x 32.6,136.7,$452.00,
,,(Box) 60 x 20.7 x 35.9,,,
,,,,,
CM-CSEC-6A-XX,CHESAPEAKE MIRROR,(Mirror) 38.8 x 2.5 x 40.8,35.3,$123.00,
,,(Box) 41 x 4.3 43.9,,,
,,,,,
CD-CSEC-1A-XX,CHESAPEAKE NIGHTSTAND,22.8 x 18.5 x 24.4,44.1,$153.00,
,,(Box) 25 x 20.7 x 27.7,,,
,,,,,
SPC-TRU-TWN-XX,COMPLETE TRUNDLE,(Trundle) 74.8 x 40.3 x 13.7,53.9,$195.00,
PBT1-TWN-XX,Trundle Face and Rails for Trundle,(Box 1) 15.0 x 77.6 x 3.9,33,$142.00,
PBT2-TWN-XX,Slats for Trundle,(Box 2) 6.3 x 40.6 x 5.1,20.9,$53.00,
,,,,,
,,,,,
,,,,,
PDR-TWN/FUL-BDR,CHESAPEAKE STORAGE SET OF DRAWERS TWIN/FULL,(Drawer) 75.7 x 20.6 x 13.7,123.4,$153.00,
,,(Box) 29.9 x 41.7 x 4.5,61.7,,
,,,,,
,,,,,
PDR-QEN/EKG-BDR,CHESAPEAKE STORAGE SET OF DRAWERS QEN/EKG,(Drawer) 80.2 x 20.6 x 13.7,61.7,$168.00,
,,(Box) 20.2 x 44.1 x 6.1,,,
,,,,,
SES-TWN-XX,SESAME TWIN BED,(Bed)  42.0 x 80.6 x 34.9,58.5,$114.00,
YHF1A-SES-TWN-XX,Sesame Twin Head/Foot Panels,(Box 1)   8.6 x 38.2 x 2.9,14.1,$28.00,
YHF1B-SES-TWN-XX,Sesame Twin Posts,(Box 2)   4.6 x 34.4 x 4.6,14.3,$27.00,
YR-TWN-XX,Zest Twin Rails,(Box 3)   4.9 x 76.6 x 3.0,14.3,$32.00,
YS-TWN,Zest Twin Slats,(Box 4)   9.8 x 39.1 x 2.5,15.8,$27.00,
,,,,,
SES-FUL-XX,SESAME FULL BED,(Bed) 57 x 80.6 x 34.9,80.3,$186.00,
YHF1A-SES-FUL-XX,Sesame Full Head/Foot Panels,(Box 1)   8.6 x 53.1 x 2.9,24.6,$58.00,
YHF1B-SES-FUL-XX,Sesame Full Posts,(Box 2)  4.6 x 34.4 x 4.6,14.3,$30.00,
YR-FUL-XX,Zest Full Rails,(Box 3)   5.3 x 76.6 x 3.7,18.5,$53.00,
YS-FUL,Zest Full Slats,(Box 4)   9.8 x 54.1 x 2.5,22.9,$45.00,
,,,,,
LIC-TWN-XX,LICORICE TWIN BED,(Bed)  42 x 80.6 x 40.9,78.1,$170.00, 
YHF-LIC-TWN-XX,Licorice Twin Head/Foot,(Box 1)   39.5 x 42.5 x 5,45,$111.00,
YR-TWN-XX,Zest Twin Rails,(Box 2)   4.9 x 76.6 x 3.0,17.3,$32.00,
YS-TWN,Zest Twin Slats,(Box 3)   9.8 x 39.1 x 2.5,15.8,$27.00,
,,,,,
LIC-FUL-XX,LICORICE FULL BED,(Bed)  57.2 x 79.6 x 40.9,103.9,$247.00,
YHF-LIC-FUL-XX,Licorice Full Head/Foot,(Box 1)   39.5 x 57.5 x 5.1,57.7,$149.00,
YR-FUL-XX,Zest Full Rails,(Box 2)   5.3 x 76.6 x 3.7,23.3,$53.00,
YS-FUL,Zest Full Slats,(Box 3)   9.8 x 54.1 x 2.5,22.9,$45.00,
,,,,,
MOL-TWN-XX,MOLASSES TWIN BED,(Bed)  42 x 80.6 x 38.8,70.9,$196.00,
YHF-MOL-TWN-XX,Molasses Twin Head/Foot,(Box 1)   36 x 42.5 x 5.0,37.8,$137.00,
YR-TWN-XX,Zest Twin Rails,(Box 2)   4.9 x 76.6 x 3.0,17.3,$32.00,
YS-TWN,Zest Twin Slats,(Box 3)   9.8 x 39.1 x 2.5,15.8,$27.00,
,,,,, 
MOL-FUL-XX,MOLASSES FULL BED,(Bed)  57 x 80.6 x 38.8,95.4,$268.00,
YHF-MOL-FUL-XX,Molasses Full Head/Foot,(Box 1)   36 x 57.5 x 5.1,49.2,$170.00,
YR-FUL-XX,Zest Full Rails,(Box 2)   5.3 x 76.6 x 3.7,23.3,$53.00,
YS-FUL,Zest Full Slats,(Box 3)   9.8 x 54.1 x 2.5,22.9,$45.00,
,,,,,
SAR-TWN-XX,SASPARILLA TWIN BED,(Bed)  42 x 79.6 x 37.4,71.7,$175.00,
YHF-SAR-TWN-XX,SASPARILLA Twin Head/Foot,(Box 1)   38.8 x 42.8 x 4.2,38.6,$116.00,
YR-TWN-XX,Zest Twin Rails,(Box 2)   4.9 x 76.6 x 3.0,17.3,$32.00,
YS-TWN,Zest Twin Slats,(Box 3)   9.8 x 39.1 x 2.5,15.8,$27.00,
,,,,,
SAR-FUL-XX,SASPARILLA FULL BED,(Bed)  57.2 x 79.6 x 37.4,190.7,$247.00,
YHF-SAR-FUL-XX,SASPARILLA Full Head/Foot,(Box 1)   38.8 x 57.7 x 4.2,49.3,$149.00,
YR-FUL-XX,Zest Full Rails,(Box 2)   5.3 x 76.6 x 3.7,23.3,$53.00,
YS-FUL-XX,Zest Full Slats,(Box 3)   9.8 x 54.1 x 2.5,22.9,$45.00,
,,,,,
SES-T/T-XX,SESAME TWIN/TWIN BUNK,(Bunk)  80.2 x 41.9 x 60.4,95.5,$267.00,
PBB-SES-1-XX,Sesame Twin/Twin bunk Head/Foot Panels,(Box 1)   12.2 x 38.2 x 3.7,32,$56.00,
PBB-SES-2-XX,Sesame Twin/Twin bunk Posts,(Box 2)   9.1 x 32.6 x 4.7,29.3,$48.00,
PBB-SES-3-XX,Sesame Twin/Twin rails/ladder,(Box 3)   8.4 x 76.6 x 4.5,39.7,$104.00,
PBB-SES-4,Sesame Twin/Twin Bunks Slats,(Box 4)   10.4 x 39.5 x 5,35.3,$59.00,
,,,,,
SES-T/F-XX,SESAME TWIN/FULL BUNK,(Bed)  80.2 x 56.8 x 63.6,173.4,$369.00,
YBTF1-SES-XX,Sesame Twin/Full bunk Head/Foot Panels,(Box 1)   9.1 x 35.8 x 4.7,51,$98.00,
YBTF2-SES-XX,Sesame Twin/Full bunk Posts,(Box 2)  12.2 x 53.1 x 4.4,33.7,$81.00,
YBTF3-SES-XX,Sesame Twin/Full rails/ladder,(Box 3)   8.4 x 76.6 x 4.5,50,$118.00,
YS-TWN,Zest Twin Slats,(Box 4)   9.8 x 39.1 x 2.5,15.8,$27.00,
YS-FUL,Zest Full Slats,(Box 5)  9.8 x 54.1 x 2.5,22.9,$45.00,
,,,,,
,,,,,
ZES-TRU-TWN-XX,COMPLETE TRUNDLE,(Trundle) 74.8 x 40.3 x 12.8,48.3,$114.00,
YT1-TWN-XX,TRUNDLE FACE & RAILS FOR TWIN BED & BUNKS,(Box 1) 13.2 x 75.4 x 3.5,31.3,$87.00,
YT2-TWN-XX,SLATS FOR TRUNDLE,(Box 2) 10.0 x 39.1 x 2.8,17,$27.00,
,,,,,
,,,,,
,,,,,
YDR-XX,ZEST DRAWER SET,(Drawer) 75.4 x 18.8 x 13,46.4,$124.00,
,,(Box) 20.4 x 38.1 x 3.1,,,
,,,,,
,,,,,
,,,,,
,,,,,
YCD-ZES-6A-XX,ZEST 6 DRAWER DRESSER,57 x 17.7 x 31.9,95.2,$340.00,
,,(Box) 58 x 18.4 x 32.7,,,
,,,,,
,,,,,
,,,,,
YCM-ZES-6A-XX,ZEST MIRROR,31.1 x 2.3 x 42.5,25.9,$72.00,
,,(Box) 44.1 x 32.1 x 2.3,,,
,,,,,
,,,,,
,,,,,
YCD-ZES-4A-XX,ZEST 4 DRAWER CHEST,35.4 17.7 x 40.2,82.5,$304.00,
,,(Box) 36.1 x 18.4 x 40.9,,,
,,,,,
,,,,,
,,,,,
YCD-ZES-1A-XX,ZEST NIGHTSTAND,23.6 x 15.7 x 24.6,34,$103.00,
,,(Box) 24.3 x 16.4 x 25.4,,,
,,,,,
,,,,,
YSD-ZES-XX,ZEST DESK,34.6 x 24.4 x 29.9,47.8,$155.00,
,,(Box) 32.3 x 23.8 x 4.8,,,
,,,,,
CCH-CLO-XX,CLOVE CHAIR,14.9 x 18 x 35.8,17.6,$61.00,
,,(Box) 36.8 x 17.3 x 4.1,,,
,,,,,
CLV-QEN-XX,CLOVER MURPHY CABINET COMPLETE,(Bed) 63.5 x 83.1 x 41.1,248.4,"$1,049.00",
MUR-CLV2-QEN-XX,CLOVER MURPHY CABINET ONLY,(Box 1) 27 x 66.7 x 34.4,198.4,$800.00,
MND-GMF-TRI-QEN,GEL MEMORY FOAM TRI FOLD MATTRESS ONLY,(Box 2) 63 x 11 x 11,50,$249.00,
,,,,,
,,,,,
,,,,,
,,,,,
DSY-QEN-XX,DAISY MURPHY CABINET COMPLETE,(Bed) 63.5 x 83.1 x 41.1,248.4,"$1,149.00",
MUR-DSY-QEN-XX,DAISY MURPHY CABINET ONLY,(Box 1) 27 x 66.7 x 34.4,198.4,$900.00,
MND-GMF-TRI-QEN,GEL MEMORY FOAM TRI FOLD MATTRESS ONLY,(Box 2) 63 x 11 x 11,50,$249.00,
,,,,,
,,,,,
,,,,,
,,,,,
MUR-TRAY-XX,MURPHY TRAY SET,(Box) 21 X 10 X 5,5,$61.00,
,,,,,
,,,,,
,,,,,
,,,,,
SAGB-QEN-XX,SAGEBRUSH MURPHY CABINET COMPLETE,(Bed) 63.5 x 83.1 x 41.1,288.1,"$1,149.00",
MUR-SAGB2-QEN-XX,SAGEBRUSH MURPHY CABINET ONLY,(Box 1) 32.5 x 65.9 x 26.4,238.1,$900.00,
MND-GMF-TRI-QEN,GEL MEMORY FOAM TRI FOLD MATTRESS ONLY,(Box 2) 63 x 11 x 11,50,$249.00,
,,,,,
,,,,,
,,,,,
,,,,,
,,,,,
POP-QEN-XX,POPPY MURPHY CABINET COMPLETE,(Bed) 63.5 x 83.1 x 41.1,288.1,"$1,149.00",
MUR-POP-QEN-XX,POPPY MURPHY CABINET ONLY,(Box 1) 32.5 x 65.9 x 26.4,238.1,$900.00,
MND-GMF-TRI-QEN,GEL MEMORY FOAM TRI FOLD MATTRESS ONLY,(Box 2) 63 x 11 x 11,50,$249.00,
,,,,,
,,,,,
,,,,,
,,,,,
,,,,,
,,,,,
MCB-CUB-QEN-XX,MURPHY CUBE COMPLETE,(Bed) 64.1 x 26.4 x 36.6,199,$779.00,
MUR-CUB2-QEN-XX,MURPHY CUBE. CABINET ONLY,(Box 1) 28.7 x 65.7 x 6.9,149,$530.00,
MND-GMF-TRI-QEN,GEL MEMORY FOAM TRI FOLD MATTRESS ONLY,(Box 2) 63 x 11 x 11,50,$249.00,
,,,,,
,,,,,
NAN-TWN-XX,NANTUCKET TWIN SOFA CONVERTIBLE,(Sofa) 52.4 x 35.8 x 33.5,145.67,$465.00,
SS-NAN-ARM-XXX,NANTUCKET TWIN SLEEPER ARM,(Box 1) 13.4 x 36.6 x 22.4,26.5,$105.00,
SS-NAN-TWN-XXX,NANTUCKET TWIN SLEEPER BODY,(Box 2) 48.8 x 40.6 x 18.3,119.17,$360.00,
,,,,,
,,,,,
NAN-FUL-XX,NANTUCKET FULL SOFA CONVERTIBLE,(Sofa) 68.1 x 35.8 x 33.5,179.7,$515.00,
SS-NAN-ARM-XXX,NANTUCKET FULL SLEEPER ARM,(Box 1) 13.4 x 36.6 x 22.4,26.5,$105.00,
SS-NAN-FUL-XXX,NANTUCKET FULL SLEEPER BODY,(Box 2) 48.8 x 56.3 x 18.3,153.2,$410.00,
,,,,,
,,,,,
NAN-QEN-XX,NANTUCKET QUEEN SOFA CONVERTIBLE,(Sofa) 74 x 35.8 x 33.5,192.9,$565.00,
SS-NAN-ARM-XXX,NANTUCKET QUEEN SLEEPER ARM,(Box 1) 13.4 x 36.6 x 22.4,26.5,$105.00,
SS-NAN-QEN-XXX,NANTUCKET QUEEN SLEEPER BODY,(Box 2) 48.8 x 61.4 x 18.3,166.4,$460.00,
,,,,,
,,,,,
BED-COL-QEN-GY,COLUMBIA QUEEN COMPLETE PLATFORM BED,(Bed) 67.5 X 4.13 X 47.83,88,$153.00,
,,(Box 1) 64 x 33 x 5,,,
,,,,,
,,,,,
,,,,,
,,,,,
,,,,,
,,,,,
,,,,,
,,,,,
,,,,,
ORN2-FUL-GY-YY,ORION FULL PLATFORM BED,(Bed) 59 x 76 x 41.7,102.1,$266.00,
PH-ORN2-FUL-GY,ORION FULL HEADBOARD,(Box 1) 60.6 x 36.4 x 3.7,26.5,$128.00,
PFR-UPH-FUL-GY,BED RAILS,(Box 2) 77 x 22 x 10,46,$80.00,
PS-FUL,FULL SLATS,(Box 3) 8.5 x 56.3 x  4.5,27.6,$48.00,
PL-YY,BED LEGS,(Box 4) 6 x 5 x 3,2,$10.00,
,,,,,
ORN2-QEN-GY-YY,ORION QUEEN PLATFORM BED,(Bed) 65.3 x 80.7 x 41.7,107.5,$277.00,
PH-ORN2-QEN-XX,ORION QUEEN HEADBOARD,(Box 1)  66.7 x 36.4 x 3.7,26.5,$133.00,
PFR-UPH-QEN-XX,BED RAILS,(Box 2) 82 x 22 x 10,46,$80.00,
PS-QEN,QUEEN SLATS,(Box 3)  8.5 x 62.2 x 4.5,33,$54.00,
PL-YY,BED LEGS,(Box 4) 6 x 5 x 3,2,$10.00,
,,,,,
ORN2-EKG-GY-YY,ORION EASTERN KING PLATFORM BED,(Bed) 81.8 x 80.6 x 41.7,137.6,$328.00,
PH-ORN2-EKG-XX,ORION EASTERN KING HEADBOARD,(Box 1) 82.7 x 36.4 x 3.7,36,$170.00,
PFR-UPH-EKG-XX,BED RAILS,(Box 2) 81.5 x 10.4x 8.5,50,$80.00,
PS-EKG,KING SLATS,(Box 3) 8.5 x 80.3 x  4.5,49.6,$68.00,
PL-YY,BED LEGS,(Box 4) 6 x 5 x 3,2,$10.00,
,,,,,
,,,,,
SAG-TWN-XX-YY,SAGE TWIN PLATFORM BED,(Bed)  44.6 x 76 x 41.7,84.5,$235.00,
PH-SAG-TWN-XX,SAGE TWIN HEADBOARD,(Box 1) 44.9 x 36.4 x 3.7,17.6,$110.00,
PFR-UPH-TWN-XX,BED RAILS,(Box 2)  76.4 x 10.4 x 8.5,44,$77.00,
PS-TWN,TWIN SLATS,(Box 3)  8.5 x 41.3 x  4.5,20.9,$38.00,
PL-YY,BED LEGS,(Box 4) 6 x 5 x 3,2,$10.00,
,,,,,
,,,,,
SAG-FUL-XX-YY,SAGE FULL PLATFORM BED,(Bed) 59 x 76 x 41.7,97.2,$266.00,
PH-SAG-FUL-XX,SAGE FULL HEADBOARD,(Box 1) 60.6 x 36.4 x 3.7,21.6,$128.00,
PFR-UPH-FUL-XX,BED RAILS,(Box 2) 76.4 x 10.4 x 8.5,46,$80.00,
PS-FUL,FULL SLATS,(Box 3) 8.5 x 56.3 x  4.5,27.6,$48.00,
PL-YY,BED LEGS,(Box 4) 6 x 5 x 3,2,$10.00,
,,,,,
SAG-QEN-XX-YY,SAGE QUEEN PLATFORM BED,(Bed) 65.3 x 80.7 x 41.7,105.7,$277.00,
PH-SAG-QEN-XX,SAGE QUEEN HEADBOARD,(Box 1)  66.7 x 36.4 x 3.7,24.7,$133.00,
PFR-UPH-QEN-XX,BED RAILS,(Box 2) 81.5 x 10.4 x 8.5,46,$80.00,
PS-QEN,QUEEN SLATS,(Box 3)  8.5 x 62.2 x 4.5,33,$54.00,
PL-YY,BED LEGS,(Box 4) 6 x 5 x 3,2,$10.00,
,,,,,
SAG-EKG-XX-YY,SAGE EASTERN  KING PLATFORM BED,(Bed) 81.8 x 80.6 x 41.7,130.3,$328.00,
PH-SAG-EKG-XX,SAGE EASTERN KING HEADBOARD,(Box 1) 82.7 x 36.4 x 3.7,28.7,$170.00,
PFR-UPH-EKG-XX,BED RAILS,(Box 2) 81.5 x 10.4x 8.5,50,$80.00,
PS-EKG,KING SLATS,(Box 3) 8.5 x 80.3 x  4.5,49.6,$68.00,
PL-YY,BED LEGS,(Box 4) 6 x 5 x 3,2,$10.00,
,,,,,
,,,,,
SAGDR-FUL-XX-YY,SAGE FULL PLATFORM BED WITH DRAWER,(Bed) 59 x 75.6 x 41.7,122.1,$369.00,
PH-SAG-FUL-XX,SAGE FULL HEADBOARD,(Box 1) 60.6 x 36.4 x 3.7,26.5,$128.00,
PFD-UPH-FUL-XX,BED RAILS & DRAWER FOOTBOARD,(Box 2) 75.8 x 21.1 x 8.9,66,$183.00,
PS-FUL,FULL SLATS,(Box 3) 8.5 x 56.3 x  4.5,27.6,$48.00,
PL-YY,BED LEGS,(Box 4) 6 x 5 x 3,2,$10.00,
,,,,,
SAGDR-QEN-XX-YY,SAGE QUEEN PLATFORM BED WITH DRAWER,(Bed)   65.3 x 80.7 x 41.7,127.5,$380.00,
PH-SAG-QEN-XX,SAGE QUEEN HEADBOARD,(Box 1)  66.7 x 36.4 x 3.7,26.5,$133.00,
PFD-UPH-QEN-XX,BED RAILS & DRAWER FOOTBOARD,(Box 2) 80.9 x 21.1 x 8.9,66,$183.00,
PS-QEN,QUEEN SLATS,(Box 3)  8.5 x 62.2 x 4.5,33,$54.00,
PL-YY,BED LEGS,(Box 4) 6 x 5 x 3,2,$10.00,
,,,,,
,,,,,
PAN-CHR-XX-YY,PANDORA TUB CHAIR,(Chair) 25 x 27 x 35,45,$205.00,
PAN-TCH-XX,TUB CHAIR,(Box 1)  25 x 31 x 31,41,$180.00,
TUB-CHL-YY,LEGS FOR TUB CHAIR (CH - CHO - NA- WH),(Box 2) 13 x 6.2 x 3.1,4,$25.00,
,,,,,
,,,,,
,,,,,
,,,,,
DYB-STL-TWN-LGY,SAINT LAWRENCE DAYBED COMPLETE,(Bed) 81.3 x 42.9 x 31.3,110.7,$257.00,
DB1-STL-TWN-LGY,Saint Lawrence Daybed Arm Set,(Box 1) 43.1 x 28.5 x 5.9,37.7,$52.00,
DB1-STL-TWN-LGY,"Saint-Lawrence Daybed, Back Panel, Rails & Slats & Trundle Bed",(Box 2) 78.1 x14.6 x 7.3,73,$205.00,
,,,,,
ABY-FUL-XX,ALBANY MOONGLIDER FULL FUTON - COMPLETE,(Frame) 79.25 x 37 x 34.87,92.6,$240.00,
BA-ABY-XX,Albany Arm Set,(Arm)  25.8 x 34.4 x 3.1,17.6,$52.00,
BMG-FUL-XX,Moon Glider Full Body,(Body)   34.3 x 76 x 5.3,75,$188.00,
,,,,,
ABY-QEN-XX,ALBANY MOONGLIDER QUEEN FUTON  - COMPLETE,(frame) 84.5 x 38 x 37.12,103.6,$262.00,
BA-ABY-XX,Albany Arm Set,(Arm)  25.8 x 34.4 x 3.1,17.6,$52.00,
BMG-QEN-XX,Moon Glider Queen Body,(Body) 38.2 x 81.1 x 5.3,86,$210.00,
,,,,,
ABY-LST-XX,ALBANY LOVE SEAT LOUNGER FUTON  - COMPLETE,(frame) 60.55 x 38.5 x 34.87,90.4,$247.00,
BA-ABY-XX,Albany Arm Set,(Arm)  25.8 x 34.4 x 3.1,17.6,$52.00,
BL-LST-XX,Love Seat Lounger Body,(Body)   35.6 x 59.1 x 5.1,72.8,$195.00,
,,,,,
ABY-TWN-XX,ALBANY TWIN LOUNGER FUTON - COMPLETE,(frame) 45.45 x 38.5 x 34.87,74.9,$204.00,
BA-ABY-XX,Albany Arm Set,(Arm)  25.8 x 34.4 x 3.1,17.6,$52.00,
BL-TWN-XX,Standard Twin Lounger Body,(Body) 35.6 x 44.1 x 5.1,57.3,$152.00,
,,,,,
,,,,,
AUT-FUL-XX,AUTUMN MOONGLIDER FULL FUTON  - COMPLETE,(Frame) 83.12 x 37.87 x 34.37,115.8,$302.00,
BA-AUT-XX,Autumn Arm Set,(Arm)  28 x 36.7 x 5.5,40.8,$114.00,
BMG-FUL-XX,Moon Glider Full Body,(Body)   34.3 x 76 x 5.3,75,$188.00,
,,,,,
AUT-QEN-XX,AUTUMN MOONGLIDER QUEEN FUTON  - COMPLETE,(Frame) 88.5 x 39.37 x 38,126.8,$324.00,
BA-AUT-XX,Autumn Arm Set,(Arm)  28 x 36.7 x 5.5,40.8,$114.00,
BMG-QEN-XX,Moon Glider Queen Body,(Body) 38.2 x 81.1 x 5.3,86,$210.00,
,,,,,
AUT-LST-XX,AUTUMN LOVE SEAT LOUNGER FUTON - COMPLETE,(Frame) 64.42 x 38.5 x 34.37,113.6,$309.00,
BA-AUT-XX,Autumn Arm Set,(Arm)  28 x 36.7 x 5.5,40.8,$114.00,
BL-LST-XX,Love Seat Lounger Body,(Body)   35.6 x 59.1 x 5.1,72.8,$195.00,
,,,,,
AUT-TWN-XX,AUTUMN TWIN LOUNGER FUTON - COMPLETE,(Frame) 49.32 x 38.5 x 34.37,98.1,$266.00,
BA-AUT-XX,Autumn Arm Set,(Arm)  28 x 36.7 x 5.5,40.8,$114.00,
BL-TWN-XX,Standard Twin Lounger Body,(Body) 35.6 x 44.1 x 5.1,57.3,$152.00,
,,,,,
EUR-FUL-XX,EUREKA MOONGLIDER FULL FUTON - COMPLETE,(Frame) 76 x 39 x  34.37,90.4,$235.00,
BA-EUR-XX,Eureka Arm Set,(Arm)  24 x 34.6 x 2.8,15.4,$47.00,
BMG-FUL-XX,Moon Glider Full Body,(Body)   34.3 x 76 x 5.3,75,$188.00,
,,,,,
EUR-QEN-XX,EUREKA MOONGLIDER QUEEN FUTON - COMPLETE,(Frame) 81.37 x 40.5 x 38,101.4,$257.00,
BA-EUR-XX,Eureka Arm Set,(Arm)  24 x 34.6 x 2.8,15.4,$47.00,
BMG-QEN-XX,Moon Glider Queen Body,(Body) 38.2 x 81.1 x 5.3,86,$210.00,
,,,,,
EUR-LST-XX,EUREKA LOVE SEAT LOUNGER FUTON - COMPLETE,(Frame) 57.3 x 38.5 x 34.37,88.2,$242.00,
BA-EUR-XX,Eureka Arm Set,(Arm)  24 x 34.6 x 2.8,15.4,$47.00,
BL-LST-XX,Love Seat Lounger Body,(Body)   35.6 x 59.1 x 5.1,72.8,$195.00,
,,,,,
EUR-TWN-XX,EUREKA TWIN LOUNGER FUTON - COMPLETE,(Frame) 42.2 x 38.5 x 34.37,72.7,$199.00,
BA-EUR-XX,Eureka Arm Set,(Arm)  24 x 34.6 x 2.8,15.4,$47.00,
BL-TWN-XX,Standard Twin Lounger Body,(Body) 35.6 x 44.1 x 5.1,57.3,$152.00,
,,,,,
,,,,,
FUJ-FUL-XX,FUJI MOONGLIDER FULL FUTON  - COMPLETE,(Frame) 81.1 x 39 x 34.37,102.6,$264.00,
BA-FUJ-XX,Fuji Arm Set,(Arm)  27.6 x 38.2 x 5.1,27.6,$76.00,
BMG-FUL-XX,Moon Glider Full Body,(Body)   34.3 x 76 x 5.3,75,$188.00,
,,,,,
FUJ-QEN-XX,FUJI MOONGLIDER QUEEN FUTON - COMPLETE,(Frame) 86.5 x 40.5 x 38,113.6,$286.00,
BA-FUJ-XX,Fuji Arm Set,(Arm)  27.6 x 38.2 x 5.1,27.6,$76.00,
BMG-QEN-XX,Moon Glider Queen Body,(Body) 38.2 x 81.1 x 5.3,86,$210.00,
,,,,,
FUJ-LST-XX,FUJI LOVE SEAT LOUNGER FUTON - COMPLETE,(Frame) 62.55 x 39 x 34.37,100.4,$271.00,
BA-FUJ-XX,Fuji Arm Set,(Arm)  27.6 x 38.2 x 5.1,27.6,$76.00,
BL-LST-XX,Love Seat Lounger Body,(Body)   35.6 x 59.1 x 5.1,72.8,$195.00,
,,,,,
FUJ-TWN-XX,FUJI TWIN LOUNGER FUTON - COMPLETE,(Frame) 47.45 x 39 x 34.37,84.9,$228.00,
BA-FUJ-XX,Fuji Arm Set,(Arm)  27.6 x 38.2 x 5.1,27.6,$76.00,
BL-TWN-XX,Standard Twin Lounger Body,(Body) 35.6 x 44.1 x 5.1,57.3,$152.00,
,,,,,
,,,,,
KEY-FUL-WH,KEY WEST MOONGLIER FULL FUTON - COMPLETE,(Frame) 81 x 39 x 34.37,123.5,$301.00,
BA-KEY-WH,Key West Arm Set,(Arm)  27.2 x 36.6 x 4.5,48.5,$113.00,
BMG-FUL-WH,Moon Glider Full Body,(Body)   34.3 x 76 x 5.3,75,$188.00,
,,,,,
KEY-QEN-WH,KEY WEST MOONGLIDER QUEEN FUTON - COMPLETE,(Frame) 86.4 x 40.5 x 34.37,134.5,$323.00,
BA-KEY-WH,Key West Arm Set,(Arm)  27.2 x 36.6 x 4.5,48.5,$113.00,
BMG-QEN-WH,Moon Glider Queen Body,(Body)   38.2 x 81.1 x 5.3,86,$210.00,
,,,,,
KEY-LST-WH,KEY WEST LOVE SEAT LOUNGER FUTON - COMPLETE,(Frame) 62.3 x 39 x 34.9,121.3,$308.00,
BA-KEY-WH,Key West Arm Set,(Arm)  27.2 x 36.6 x 4.5,48.5,$113.00,
BL-LST-WH,Love Seat Lounger Body,(Body)   35.6 x 59.1 x 5.1,72.8,$195.00,
,,,,,
KEY-TWN-WH,KEY WEST TWIN LOUNGER FUTON  - COMPLETE,(Frame) 47.2 x 39 x 34.9,105.8,$265.00,
BA-KEY-WH,Key West Arm Set,(Arm)  27.2 x 36.6 x 4.5,48.5,$113.00,
BL-TWN-WH,Standard Twin Lounger Body,(Body) 35.6 x 44.1 x 5.1,57.3,$152.00,
,,,,,
,,,,,
KIN-FUL-XX,KINGSTON MOONGLIDER FULL FUTON  - COMPLETE,(Frame) 81 x 39 x 34.37,98.1,$253.00,
BA-KIN-XX,Kingston Arm Set,(Arm)  26.2 x 37 x 4.1,23.1,$65.00,
BMG-FUL-XX,Moon Glider Full Body,(Body)   34.3 x 76 x 5.3,75,$188.00,
,,,,,
KIN-QEN-XX,KINGSTON MOONGLIDER QUEEN FUTON - COMPLETE,(Frame) 86.4 x 40.5 x 34.37,109.1,$275.00,
BA-KIN-XX,Kingston Arm Set,(Arm)  26.2 x 37 x 4.1,23.1,$65.00,
BMG-QEN-XX,Moon Glider Queen Body,(Body)   38.2 x 81.1 x 5.3,86,$210.00,
,,,,,
KIN-LST-XX,KINGSTON LOVE SEAT LOUNGER FUTON - COMPLETE,(Frame) 62.3 x 39 x 34.9,95.9,$260.00,
BA-KIN-XX,Kingston Arm Set,(Arm)  26.2 x 37 x 4.1,23.1,$65.00,
BL-LST-XX,Love Seat Lounger Body,(Body)   35.6 x 59.1 x 5.1,72.8,$195.00,
,,,,,
KIN-TWN-XX,KINGSTON TWIN LOUNGER FUTON - COMPLETE,(Frame) 47.2 x 39 x 34.9,80.4,$217.00,
BA-KIN-XX,Kingston Arm Set,(Arm)  26.2 x 37 x 4.1,23.1,$65.00,
BL-TWN-XX,Standard Twin Lounger Body,(Body) 35.6 x 44.1 x 5.1,57.3,$152.00,
,,,,,
NAP-FUL-XX,NAPLES MOONGLIDER FULL FUTON  - COMPLETE,(Frame) 98.75 x 39 x 34.37,105.9,$285.00,
BA-NAP-XX,Naples Arm Set,(Arm)  24.6 x 35.4 x 6.1,30.9,$97.00,
BMG-FUL-XX,Moon Glider Full Body,(Body)   34.3 x 76 x 5.3,75,$188.00,
,,,,,
NAP-QEN-XX,NAPLES MOONGLIDER QUEEN FUTON  - COMPLETE,(Frame) 104.12 x 40.5 x 38,116.9,$307.00,
BA-NAP-XX,Naples Arm Set,(Arm)  24.6 x 35.4 x 6.1,30.9,$97.00,
BMG-QEN-XX,Moon Glider Queen Body,(Body)   38.2 x 81.1 x 5.3,86,$210.00,
,,,,,
NAP-LST-XX,NAPLES LOVE SEAT LOUNGER FUTON  - COMPLETE,(Frame) 80.05 x 40.5 x 34.37,103.7,$292.00,
BA-NAP-XX,Naples Arm Set,(Arm)  24.6 x 35.4 x 6.1,30.9,$97.00,
BL-LST-XX,Love Seat Lounger Body,(Body)   35.6 x 59.1 x 5.1,72.8,$195.00,
,,,,,
NAP-TWN-XX,NAPLES TWIN LOUNGER FUTON  - COMPLETE,(Frame) 64.95 x 40.5 x 34.37,88.2,$249.00,
BA-NAP-XX,Naples Arm Set,(Arm)  24.6 x 35.4 x 6.1,30.9,$97.00,
BL-TWN-XX,Standard Twin Lounger Body,(Body) 35.6 x 44.1 x 5.1,57.3,$152.00,
,,,,,
,,,,,
POR-FUL-XX,PORTOFINO MOONGLIDER FULL FUTON - COMPLETE,(Frame) 85 x 37 x 33.25,138.9,$364.00,
BA-POR-XX,Portofino Arm Set,(Arm)  26.75 x 37.5 x 10.57,63.9,$176.00,
BMG-FUL-XX,Moon Glider Full Body,(Body)   34.3 x 76 x 5.3,75,$188.00,
,,,,,
POR-QEN-XX,PORTOFINO MOONGLIDER QUEEN FUTON - COMPLETE,(Frame) 90.37 x 38.62 x 36.87,149.9,$386.00,
BA-POR-XX,Portofino Arm Set,(Arm)  26.75 x 37.5 x 10.57,63.9,$176.00,
BMG-QEN-XX,Moon Glider Queen Body,(Body)   38.2 x 81.1 x 5.3,86,$210.00,
,,,,,
POR-LST-XX,PORTOFINO LOVE SEAT LOUNGER FUTON  - COMPLETE,(Frame) 65.3 x 37 x 33.25,136.7,$371.00,
BA-POR-XX,Portofino Arm Set,(Arm)  26.75 x 37.5 x 10.57,63.9,$176.00,
BL-LST-XX,Standard Love Seat Lounger Body,(Body)   35.6 x 59.1 x 5.1,72.8,$195.00,
,,,,,
POR-TWN-XX,PORTOFINO TWIN LOUNGER FUTON  - COMPLETE,(Frame) 51.2 x 37 x 33.25,121.2,$328.00,
BA-POR-XX,Portofino Arm Set,(Arm)  26.75 x 37.5 x 10.57,63.9,$176.00,
BL-TWN-XX,Standard Twin Lounger Body,(Body) 35.6 x 44.1 x 5.1,57.3,$152.00,
,,,,,
,,,,,
SEA-FUL-XX,SEATTLE MOONGLIDER FULL FUTON  - COMPLETE,(Frame) 98.75 x 39 x 34.37,116.9,$293.00,
BA-SEA-XX,Seattle Arm Set,(Arm)  24.6 x 35.4 x 6.1,41.9,$105.00,
BMG-FUL-XX,Moon Glider Full Body,(Body)   34.3 x 76 x 5.3,75,$188.00,
,,,,,
SEA-QEN-XX,SEATTLE MOONGLIDER QUEEN FUTON - COMPLETE,(Frame) 104.12 x 40.5 x 38,127.9,$315.00,
BA-SEA-XX,Seattle Arm Set,(Arm)  24.6 x 35.4 x 6.1,41.9,$105.00,
BMG-QEN-XX,Moon Glider Queen Body,(Body)   38.2 x 81.1 x 5.3,86,$210.00,
,,,,,
SEA-LST-XX,SEATTLE LOVE SEAT LOUNGER FUTON  - COMPLETE,(Frame) 80.05 x 40.5 x 34.37,114.7,$300.00,
BA-SEA-XX,Seattle Arm Set,(Arm)  24.6 x 35.4 x 6.1,41.9,$105.00,
BL-LST-XX,Standard Love Seat Lounger Body,(Body)   35.6 x 59.1 x 5.1,72.8,$195.00,
,,,,,
SEA-TWN-XX,SEATTLE TWIN LOUNGER FUTON  - COMPLETE,(Frame) 64.95 x 40.5 x 34.37,99.2,$257.00,
BA-SEA-XX,Seattle Arm Set,(Arm)  24.6 x 35.4 x 6.1,41.9,$105.00,
BL-TWN-XX,Standard Twin Lounger Body,(Body) 35.6 x 44.1 x 5.1,57.3,$152.00,
,,,,,
,,,,,
SOL-FUL-XX,SOLSTICE MOONGLIDER FULL FUTON  - COMPLETE,(Frame) 83.12 x 37.37 x 34.5,127.9,$370.00,
BA-SOL-XX,Solstice Arm Set,(Arm)  28 x 35.8 x 7.8,52.9,$182.00,
BMG-FUL-XX,Moon Glider Full Body,(Body)   34.3 x 76 x 5.3,75,$188.00,
,,,,,
SOL-QEN-XX,SOLSTICE MOONGLIDER QUEEN FUTON  - COMPLETE,(Frame) 88.5 x 38.75 x 38.25,138.9,$392.00,
BA-SOL-XX,Solstice Arm Set,(Arm)  28 x 35.8 x 7.8,52.9,$182.00,
BMG-QEN-XX,Moon Glider Queen Body,(Body)   38.2 x 81.1 x 5.3,86,$210.00,
,,,,,
SOL-LST-XX,SOLSTICE LOVE SEAT LOUNGER FUTON  - COMPLETE,(Frame) 64.42 x 38.75 x 34.5,125.7,$377.00,
BA-SOL-XX,Solstice Arm Set,(Arm)  28 x 35.8 x 7.8,52.9,$182.00,
BL-LST-XX,Standard Love Seat Lounger Body,(Body)   35.6 x 59.1 x 5.1,72.8,$195.00,
,,,,,
SOL-TWN-XX,SOLSTICE TWIN LOUNGER FUTON  - COMPLETE,(Frame) 49.32 x 38.75 x 34.5,110.2,$334.00,
BA-SOL-XX,Solstice Arm Set,(Arm)  28 x 35.8 x 7.8,52.9,$182.00,
BL-TWN-XX,Standard Twin Lounger Body,(Body) 35.6 x 44.1 x 5.1,57.3,$152.00,
,,,,,
,,,,,
SUN-FUL-XX,SUNRISE MOONGLIDER FULL FUTON  - COMPLETE,(Frame) 99.13 x 37.37 x 34.5,125.7,$324.00,
BA-SUN-XX,Sunrise Arm Set,(Arm)  28.1 x 36.4 x 5.7,50.7,$136.00,
BMG-FUL-XX,Moon Glider Full Body,(Body)   34.3 x 76 x 5.3,75,$188.00,
,,,,,
SUN-QEN-XX,SUNRISE MOONGLIDER QUEEN FUTON - COMPLETE,(Frame) 104.5 x 38.75 x 38.25,136.7,$346.00,
BA-SUN-XX,Sunrise Arm Set,(Arm)  28.1 x 36.4 x 5.7,50.7,$136.00,
BMG-QEN-XX,Moon Glider Queen Body,(Body)   38.2 x 81.1 x 5.3,86,$210.00,
,,,,,
SUN-LST-XX,SUNRISE LOVE SEAT LOUNGER FUTON - COMPLETE,(Frame) 80.43 x 38.75 x 34.5,123.5,$331.00,
BA-SUN-XX,Sunrise Arm Set,(Arm)  28.1 x 36.4 x 5.7,50.7,$136.00,
BL-LST-XX,Standard Love Seat Lounger Body,(Body)   35.6 x 59.1 x 5.1,72.8,$195.00,
,,,,,
SUN-TWN-XX,SUNRISE TWIN LOUNGER FUTON - COMPLETE,(Frame) 65.33 x 38.75 x 34.5,108,$288.00,
BA-SUN-XX,Sunrise Arm Set,(Arm)  28.1 x 36.4 x 5.7,50.7,$136.00,
BL-TWN-XX,Standard Twin Lounger Body,(Body) 35.6 x 44.1 x 5.1,57.3,$152.00,
,,,,,
,,,,,
TRI-FUL-XX,TRINITY MOONGLIDER FULL FUTON - COMPLETE,(Frame) 79.3 x 36.9 x 34.5,96.2,$245.00,
BA-TRI-XX,Trinity Arm Set,(Arm)  25.8 x 34.4 x 3.1,21.2,$57.00,
BMG-FUL-XX,Moon Glider Full Body,(Body)   34.3 x 76 x 5.3,75,$188.00,
,,,,,
TRI-QEN-XX,TRINITY MOONGLIDER QUEEN FUTON - COMPLETE,(Frame) 84.6 x 37.7 x 35.6,107.2,$267.00,
BA-TRI-XX,Trinity Arm Set,(Arm)  25.8 x 34.4 x 3.1,21.2,$57.00,
BMG-QEN-XX,Moon Glider Queen Body,(Body)   38.2 x 81.1 x 5.3,86,$210.00,
,,,,,
TRI-LST-XX,TRINITY LOVE SEAT LOUNGER FUTON - COMPLETE,(Frame) 60.6 x 37.7 x 34.5,94,$252.00,
BA-TRI-XX,Trinity Arm Set,(Arm)  25.8 x 34.4 x 3.1,21.2,$57.00,
BL-LST-XX,Standard Love Seat Lounger Body,(Body)   35.6 x 59.1 x 5.1,72.8,$195.00,
,,,,,
TRI-TWN-XX,TRINITY TWIN LOUNGER FUTON - COMPLETE,(Frame) 45.4 x 37.7 x 34.5,78.5,$209.00,
BA-TRI-XX,Trinity Arm Set,(Arm)  25.8 x 34.4 x 3.1,21.2,$57.00,
BL-TWN-XX,Standard Twin Lounger Body,(Body) 35.6 x 44.1 x 5.1,57.3,$152.00,
,,,,,
TWI-FUL-XX,TWILIGHT MOONGLIDER FULL FUTON - COMPLETE,(Frame) 86.37 x 37.5 x 34.5,119.1,$316.00,
BA-TWI-XX,Twilight Arm Set,(Arm)  28.3 x 37.6 x 6.1,44.1,$128.00,
BMG-FUL-XX,Moon Glider Full Body,(Body)   34.3 x 76 x 5.3,75,$188.00,
,,,,,
TWI-QEN-XX,TWILIGHT MOONGLIDER QUEEN FUTON  - COMPLETE,(Frame) 91.75 x 38.75 x 38.25,130.1,$338.00,
BA-TWI-XX,Twilight Arm Set,(Arm)  28.3 x 37.6 x 6.1,44.1,$128.00,
BMG-QEN-XX,Moon Glider Queen Body,(Body)   38.2 x 81.1 x 5.3,86,$210.00,
,,,,,
TWI-LST-XX,TWILIGHT LOVE SEAT LOUNGER FUTON  - COMPLETE,(Frame) 67.67 x 38.75 x 37.5,116.9,$323.00,
BA-TWI-XX,Twilight Arm Set,(Arm)  28.3 x 37.6 x 6.1,44.1,$128.00,
BL-LST-XX,Standard Love Seat Lounger Body,(Body)   35.6 x 59.1 x 5.1,72.8,$195.00,
,,,,,
TWI-TWN.XX,TWILIGHT TWIN LOUNGER FUTON - COMPLETE,(Frame) 52.57 x 38.75 x 37.5,101.4,$280.00,
BA-TWI-XX,Twilight Arm Set,(Arm)  28.3 x 37.6 x 6.1,44.1,$128.00,
BL-TWN-XX,Standard Twin Lounger Body,(Body) 35.6 x 44.1 x 5.1,57.3,$152.00,
,,,,,
,,,,,
VEN-FUL-XX,VENICE MOONGLIDER FULL FUTON - COMPLETE,(Frame) 85.37 x 39 x 34.37,114.7,$320.00,
BA-VNC-XX,Venice Arm Set,(Arm)  30.3 x 35.8 x 6.3,39.7,$132.00,
BMG-FUL-XX,Moon Glider Full Body,(Body)   34.3 x 76 x 5.3,75,$188.00,
,,,,,
VEN-QEN-XX,VENICE MOONGLIDER QUEEN FUTON - COMPLETE,(Frame) 90.87 x 40.5 x 38,125.7,$342.00,
BA-VNC-XX,Venice Arm Set,(Arm)  30.3 x 35.8 x 6.3,39.7,$132.00,
BMG-QEN-XX,Moon Glider Queen Body,(Body)   38.2 x 81.1 x 5.3,86,$210.00,
,,,,,
VEN-LST-XX,VENICE LOVE SEAT LOUNGER FUTON - COMPLETE,(Frame) 67.05 x 40.5 x 34.37,112.5,$327.00,
BA-VNC-XX,Venice Arm Set,(Arm)  30.3 x 35.8 x 6.3,39.7,$132.00,
BL-LST-XX,Standard Love Seat Lounger Body,(Body)   35.6 x 59.1 x 5.1,72.8,$195.00,
,,,,,
VEN-TWN-XX,VENICE TWIN LOUNGER FUTON - COMPLETE,(Frame) 51.57 x 40.5 x 34.37,900,$284.00,
BA-VNC-XX,Venice Arm Set,(Arm)  30.3 x 35.8 x 6.3,39.7,$132.00,
BL-TWN-XX,Standard Twin Lounger Body,(Body) 35.6 x 44.1 x 5.1,57.3,$152.00,
,,,,,
,,,,,
WNC-FUL-XX,WINCHESTER MOONGLIDER FULL FUTON  - COMPLETE,(Frame) 81.12 x 39 x 34.37,102.6,$280.00,
BA-WNC-XX,Winchester Arm Set,(Arm)  30.3 x 38 x 4.1,27.6,$92.00,
BMG-FUL-XX,Moon Glider Full Body,(Body)   34.3 x 76 x 5.3,75,$188.00,
,,,,,
WNC-QEN-XX,WINCHESTER MOONGLIDER QUEEN FUTON - COMPLETE,(Frame) 86.5 x 39 x 34.37,113.6,$302.00,
BA-WNC-XX,Winchester Arm Set,(Arm)  30.3 x 38 x 4.1,27.6,$92.00,
BMG-QEN-XX,Moon Glider Queen Body,(Body)   38.2 x 81.1 x 5.3,86,$210.00,
,,,,,
WNC-LST-XX,WINCHESTER LOVE SEAT LOUNGER FUTON - COMPLETE,(Frame) 62.42 x 39 x 34.37,100.4,$287.00,
BA-WNC-XX,Winchester Arm Set,(Arm)  30.3 x 38 x 4.1,27.6,$92.00,
BL-LST-XX,Standard Love Seat Lounger Body,(Body)   35.6 x 59.1 x 5.1,72.8,$195.00,
,,,,,
WNC-TWN-XX,WINCHESTER TWIN LOUNGER FUTON - COMPLETE,(Frame) 47.32 x 39 x 34.37,84.9,$244.00,
BA-WNC-XX,Winchester Arm Set,(Arm)  30.3 x 38 x 4.1,27.6,$92.00,
BL-TWN-XX,Standard Twin Lounger Body,(Body) 35.6 x 44.1 x 5.1,57.3,$152.00,
,,,,,
WNT-FUL-XX,WINTER MOONGLIDER FULL FUTON FRAME COMPLETE,(Frame) 84.62 x 37.37 x 34.5,123.5,$327.00,
BA-WNT-XX,Winter Arm Set,(Arm)  27.4 x 35.2 x 8.5,48.5,$139.00,
BMG-FUL-XX,Moon Glider Full Body,(Body)   34.3 x 76 x 5.3,75,$188.00,
,,,,,
WNT-QEN-XX,WINTER MOONGLIDER QUEEN FUTON FRAME COMPLETE,(Frame) 90 x 38.75 x 38.25,134.5,$349.00,
BA-WNT-XX,Winter Arm Set,(Arm)  27.4 x 35.2 x 8.5,48.5,$139.00,
BMG-QEN-XX,Moon Glider Queen Body,(Body)   38.2 x 81.1 x 5.3,86,$210.00,
,,,,,
WNT-LST-XX,WINTER FULL LOUNGER FUTON FRAME COMPLETE,(Frame) 65.9 x 38.75 x 34.5,121.3,$334.00,
BA-WNT-XX,Winter Arm Set,(Arm)  27.4 x 35.2 x 8.5,48.5,$139.00,
BL-LST-XX,Standard Full Lounger Body,(Body)   35.6 x 59.1 x 5.1,72.8,$195.00,
,,,,,
WNT-TWN,WINTER TWIN LOUNGER FUTON FRAME COMPLETE,(Frame) 50.8 x 38.75 x 34.5,105.8,$291.00,
BA-WNT-XX,Winter Arm Set,(Arm)  27.4 x 35.2 x 8.5,48.5,$139.00,
BL-TWN-XX,Standard Twin Lounger Body,(Body) 35.6 x 44.1 x 5.1,57.3,$152.00,
,,,,,
,,,,,
LBD-FUL-XX,Standard Full Futon Drawers,(Drawer) 75.1 x 20.5 x 9.7,37.5,$96.00,
,,(Box) 25.6 x 43.3 x 3.1,,,
,,,,,
LBD-QEN-XX,Standard Queen Futon Drawers,(Drawer) 80.5 x 20.5 x 9.7,41.9,$102.00,
,,(Box) 25.6 x 43.3 x 3.1,,,
,,(Box) 25.6 x 43.3 x 3.1,,,
,,,,,
MND-SEA-FUL-XXX,SEASIDE FULL MICROFIBER MATTRESS,54 x 75 x 10,72,$183.00,
,,,,,
MND-SEA-QEN-XXX,SEASIDE QUEEN MICROFIBER MATTRESS,60 x 80 x 10,76,$187.00,
,,,,,
MND-PCP-FUL-XXX,POCKET COIL PLUS FULL MATTRESS,54 x 75 x 9,66,$296.00,
,,,,,
MND-PCP-QEN-XXX,POCKET COIL PLUS QUEEN MATTRESS,60 x 80 x 9,73,$349.00,
,,,,,
MND-SOM-TWN,Somnus Twin Pocket coil Mattress,72 x 36 x 6,36,$113.00,
,,,,,
MND-SOM-FUL,Somnus Full Pocket coil Mattress,72 x 54 x 6,48,$153.00,
,,(Box) 72 x 54 x 6,,,
